Post URL,Primary Hashtag,Username,Caption,Top Comments,Scam?,Notes/Flag
https://www.tiktok.com/t/ZP8bGM8pY/,#MotoMetabolism,@thejimcoilys,"51 days till summer, time to lock in.","1) ""I'm down 14lbs in 12 days by lowering my alcohol consumption, and fasting 20 hours"" (688 likes)
2) ""if i buy these and don't get over this plateau imma be piisseedddd"" (418 likes)
3) Creator: ""I tried so many 'viral products' and none of them did a damn thing. THESE did "" (100 likes)",Yes,"TikTok Shop affiliate for MOTO Metabolism Booster. Uses ""51 days till summer"" urgency to drive sales. No scientific backing, no credentials. Top comment claims 14lbs in 12 days  not corrected by creator. Beauty account making metabolic claims."
https://www.tiktok.com/t/ZP8bsE7ag/,#weightlossjourney,@fitbymichaela,"Time to dive into some of the most common questions about The Root! If you've got any other questions you want me to tackle, feel free to drop them in the comments below!  Are you ready to kickstart your weight loss journey? Go to the top of my page to grab your supply today!","1) ""Been taking it for a month and a half and started at 218 now I'm at 205 "" (79 likes)
2) ""What's your website?""  Creator: ""Link in bio!""
3) ""how can I get this?"" (7 likes)
4) ""Please tell me you have a large supply... Looking to buy""",Yes,"Authorized Distributor for ""The Root"" supplement via stan.store. Before/after claiming 50lb weight loss. Bio is entirely sales-focused. Has a ""Detox symptoms"" playlist that frames side effects positively  classic MLM playbook. No credentials."
https://www.tiktok.com/t/ZP8bGLfVc/,#guthealth,@emthenutritionist,"GUT HEALTH TIPS EVERYONE SHOULD KNOW  AD Your gut is like a muscle you train in the gym. You build it slowly, you stay consistent, and you get more resilient over time. That is our whole approach behind @epetome_co use my personal founder code EMILY10 to try yourself and join our amazing community.","1) ""What's the recipe for the last meal! The salad"" (15 likes)
2) ""That comparison with training a muscle is a helpful way to think about it "" (10 likes)
3) ""Just wanted to say thank you, I just got your book and it changed the way I eat now "" (1 like)
4) nbpure: ""The gut thrives on consistency and predictability...""",No,"BSc Nutrition credential, book published. Labeled AD with promo code. No false claims, no pseudoscience language. Good example of legitimate sponsored content  transparent and evidence-based."
https://www.tiktok.com/t/ZP8bGNnQ1/,#kefir,@doctorsood,"Would you try kefir for bloating? Kefir contains diverse probiotic bacteria and yeasts that help rebalance the gut microbiome. When gut bacteria are imbalanced, excess fermentation can produce gas and abdominal distension. Clinical studies have shown improvements in bloating and flatulence after regular kefir intake. PMID: 36360671. VC: @mandanazarghami","1) ""made me shit at work "" (838 likes)
2) ""Kefir tastes so bad "" (577 likes)
3) ""Coconut Cult is very good for digestive health."" (103 likes)
4) ""Kefir cause stomach ache and heartburn. Stop drinking it"" (39 likes)",No,"Board Certified MD, verified. Cites actual PubMed study. Not selling anything. Educational content about kefir with no product push. Strong not-scam anchor for the dataset."
https://www.tiktok.com/t/ZP8bsoq1h/,#guthealth,@mariannas_pantry,5 realistic gut health tips that arent from an influencer getting paid thousands of dollars to tell you Bloom Greens powder healed their gut and cured their bloating. #guthealth #guthealthtiktok #guttok #digestion #stomachproblems,"1) Dlooski: ""1. Increasing your fiber intake 2. Eat more prebiotic foods 3. Drink enough water 4. Increase your daily movement 5. keep ur stress very low 6. Prioritize Sleep"" (9,000 likes)
2) ""Every time I try to increase fiber I blow up like a balloon "" (771 likes)
3) ""Mangos are a really good source of fiber as well and it's a superfood"" (402 likes)",No,"MS Nutrition + CSCS. Explicitly calls out Bloom Greens by name as a scam. Tips are all evidence-based (fiber, prebiotics, water, movement, stress, sleep). No product sold. One of the clearest anti-scam examples collected."
https://www.tiktok.com/t/ZP8bGScgr/,#guthealth,@healthwithcory,"Gut Food  Fermented foods like sauerkraut can help the population of good bacteria in the gut. (PMID: 34256014)  Prebiotic foods like kiwi fruit can help feed the healthy bacteria in your gut. (PMID: 30857316)  Bone broth naturally contains many compounds that are good for the gut. (PMID: 24965526, PMID: 2501227)  Polyphenol rich foods like blueberries can help the growth of good healthy bacteria in the gut.","1) ""What do cheez-its do"" (4,285 likes)
2) ""So basically eat fermented foods, fruit & bone broth !"" (4,275 likes)
3) ""You can eat kefir with bananas and blueberries in the morning. Then have bone broth at lunch or dinner"" (335 likes)
4) ""Sauerkraut "" (16 likes)",No,"Cites multiple PubMed studies. Post is purely educational about whole foods. Bio mentions Shop My Recommendations link, but this specific post isn't selling anything. Evidence-based, non-commercial framing."
https://www.tiktok.com/t/ZP8bGBgbE/,#gutcleanse,@anjana.dhimann,step one to being the HOTTEST & healthiest version of yourself is cleansing your gut psa!! #gutcleanse #guthealth #glowuptips #glowingskin #GlowUp,"1) ""Is there a place you recommend getting the sea moss from? Always wanted to try it"" (4 likes)
2) ""Where are your pyjamas from !?"" (5 likes)
3) ""can you drop which sea moss you use girly!! "" (2 likes)
4) ""If you have thyroid issues be careful with the sea moss. I believe it's hashimotos that can't have excess iodine and not Graves' disease. Talk with a dr first."" (1 like)",Yes,"No credentials  lifestyle/beauty influencer. Promotes sea moss as a cure-all (skin, hair, fatigue) with no backing. ""Cleansing your gut"" is a pseudoscience phrase. A commenter flags real thyroid/iodine risk, which the creator ignores."
https://www.tiktok.com/t/ZP8bGYd9s/,#detoxsmoothie,@smoothiesdetox,"My two favorite Green Detox Drink For Clear Skin & Weight Loss   Type ""Yes"" If You Want To Get The Secret Recipe. Don't worry, my plan is super easy to follow! Even for complete beginners  You'll just need a blender, the ingredients I've listed in the eBook shopping list, and then to follow the Step-by-Step guide I've written for you!  You can download full-plan from the link in my bio  #detoxsmoothie #detox #detoxsmoothie #smoothierecipes","1) ""Did you use just smoothies/juices or also the glp1 injections too loose weight"" (3 likes)  Creator: ""Download the smoothie recipe from our stories.""
2) ""Sure it wasn't also GLP-1 too?"" (2 likes)  Creator: ""Download the smoothie recipe from our stories now!""
3) ""I want to lose 40 in 6 months...""",Yes,"Wears scrubs but has no listed credentials. Engagement bait (""Type Yes for secret recipe""). Dodges GLP-1 questions twice in comments. Hop.c affiliate link for an eBook. ""DETOX 7 DAYS LOSE 2-3KG"" content pattern across the account."
https://www.tiktok.com/t/ZP8bGBD54/,#gurunanda,@hannahsahm,The rest of the world detoxes 2x a year - we are finally catching up!! The best price and complete kit that I've found for an adult detox cleanse. #gurunanda #detoxcleanse #wormwood #fulvicacid @GuruNanda LLC #gutcleanse #gurunandagutcleanse #cleanse #detox #guthealth #tiktokshopfinds #tiktokshopcreatorpicks #tiktokshop #tiktokshopsummertuneup #spotlightfinds #dealsforyoudays,"1) ""its pretty sad when we have to treat ourselves cause doctors are not reliable."" (892 likes)
2) ""directions need to be more instructive on how to use them... love the product though"" (183 likes)
3) ""yes, or you can just eat papaya seeds, or drink turmeric with black pepper. js"" (659 likes)",Yes,"Self-described ""Top 1% TikTok Shop Affiliate."" Sells GuruNanda Gutcleanse 2 Step Kit (52.3K sold). Claims product ""unalives"" parasites  fear-based framing. False claim that ""the rest of the world detoxes 2x a year."" No health credentials."
https://www.tiktok.com/t/ZP8bGMp7p/,#detox,@kaithegoddess,The #1 mistake ppl make while detoxing is not cleansing the  #iron #anemia #detox #circulatorysystem #herbs #redbloodcell,"1) ""Is burdock/sarsaparilla effective when taking it by capsules?"" (20 likes)
2) ""I just take chlorophyl."" (6 likes)
3) Herblends Holistic Farmacy: ""I detoxed with burdock, yellow dock, myrrh, goldenseal, my acne started drying up the next day. "" (180 likes)
4) ""I detoxed my blood and my hidradenitis supprativa literally disappeared in a day"" (9 likes)",Yes,"Self-titled ""Gut Health Coach,"" no medical credentials. ""Blood cleansing"" is pseudoscience. Bio funnels to paid Detox Academy. Comments contain dangerous misinformation (claims of curing hidradenitis suppurativa in a day) that goes uncorrected. Anti-medicine framing throughout."
https://www.tiktok.com/t/ZP8bGB35o/,#skincare,@emmasundaybest,Obviously not ALL skincare @GARNIER your micellar water has never let me down #skincare #skincareroutine #skincareproducts #skinproblems #grwm @sephora,"1) ""Tbh i feel its mostly genetics and diet"" (409 likes)
2) ""It's not a scam when people have acne.. or very dry skin.. it benefits alot of people"" (31 likes)
3) ""Skincare industry is propably a scam, cause they keep bringing more and more products claiming their product is better than anything else. However using skincare isn't a scam at all..."" (29 likes)",No,"Clickbait title but the post actually admits ""obviously not ALL skincare."" No product sold, no affiliate link. Lifestyle/mom creator. More opinion content than health scam. Tags Garnier and Sephora but no commission label visible."
https://www.tiktok.com/t/ZP8bG8RtJ/,#dermguru,@dermguru,"Skincare scams I wish more people knew about. Because I'm here as a derm to save your skin (and your wallet). So stop the cellulite cream (it doesn't work), neosporin (it causes allergic contact dermatitis), and chapsticks. Do you believe any of these scams?! Let me know in the comments below  #dermguru","1) ""What about aquaphor?"" (1 like)
2) ""What do you recommend for chap lips?"" (14 likes)  Creator: ""Vaseline! "" (24 likes)
3) ""What about Vaseline lip balm?"" (1 like)
4) ""Aquaphor is amazing for my lips...""",No,"Verified dermatologist, 1.7M followers. Disclaims ""No med advice"" in bio. Actively calling out bad skincare advice (cellulite cream, neosporin, chapstick). Not selling anything. Educational, consumer-protective."
https://www.tiktok.com/t/ZP8bGLc7Y/,#skincare,@jc.dombrowski,Yeah this is another #skincare scam i see everywhere! #skincaretips #Science #hydrafacial #beauty,"1) ""I love hydrafacial but it's def not worth $200+ a treatment. The boosters tho are MAGIC. My skin glows for at least a week."" (152 likes)
2) ""If hydrafacials were $50 I would be on board... for the price point better off saving your money for different procedures or better products""
3) ""Hydrafacial is the only thing that clears my acne. Those boosters are crazy too. Yall just haven't had one."" (60 likes)",No,"Cornell Marine Bio & Entomology background. Calling out HydraFacial as overpriced. No product links. ""Cosmetic Scientist Reacts"" series  debunking framing. Comments show organic pushback and discussion."
https://www.tiktok.com/t/ZP8bGdTyR/,#peelshot,@dermarkologist,"The shop sellers are MAD at me for calling out the peel shot scam. Yes, the Dr. Melaxin will ball up on itself, even on clean skin or gloves. This gloves demo was inspired by @James Welsh  who I saw it from first. Have you tried this product? What are your thoughts? Let me know  #peelshot #drmelaxin #dermatologist #skincareproducts","1) ""I have a feeling that the DR MELAXIN BRAND is a scam as a whole. I feel most TikTok shop products are just poor leveled products."" (14 likes)
2) ""Thank u im broke and gullible"" (36 likes)
3) ""This stuff is genuinely great for exfoliating... Does it extract deep pores? No. Does it remove surface level oils and dead skin cells? Yes and very well at that."" (13 likes)",No,"MD dermatologist, verified. Disclaims content is not medical advice. Calling out a TikTok Shop product (Dr. Melaxin peel shot) by name  consumer-protective. Not selling anything. Credits another creator transparently."
https://www.tiktok.com/t/ZP8bG8p9p/,#holistichealth,@holisticspoild,No gatekeeping  #holistichealth #naturalremedies #holistichealing #womenshealth #batanaoil,"1) ""Soon as I see batana oil..I knew."" (338 likes)
2) ""84 my back side "" (1,538 likes)
3) ""love this ..but I got little dark eyes circles n they have refused to go away.. anyone help please?"" (6 likes)
4) ""your so beautiful. what do you use for skincare?"" (10 likes)",Yes,"Claims to look ""like a 50 year old at 83"" from holistic remedies. Bio is a direct sales funnel to Amazon (spoild.us). Handle @holisticspoild reveals it's a brand account for SPOILD batana oil. Follows 4 accounts  content farm. Wears scrubs, no credentials."
https://www.tiktok.com/t/ZP8bGFE3C/,#rawhoney,@wellnesswithlinds,"Part 3 | And not to mention it tastes great! Its just lemons, raw honey, and sage. Leave on the counter for a week, burping and shaking it each day. After one week leave in the fridge for a month then strain. Can keep honey in the fridge for a year or more. #rawhoney #fermentedhoneygarlic #sorethroatremedy #sorethroatrelief #coldrelief","1) ""Why sage for anti microbial properties when honey does that?"" (27 likes)
2) ""What do you do if you're allergic to honey??"" (12 likes)
3) ""How long does this keep for?"" (80 likes)  Creator: ""I keep it in the fridge and the longest I've had it was 6 months but a few books I've read said it can keep 1-2 years."" (225 likes)",No,"DIY lemon/honey/sage remedy  not pushing a product. ""Natural pharmacy at home"" framing edges toward pseudoscience but the remedy is traditional and not dangerous. Creator engages thoughtfully in comments. The broader account makes stronger health claims (preconception supplements) but this specific post doesn't cross the line."
https://www.tiktok.com/t/ZP8bGMmUu/,#immunesupport,@thewellnesspharm,"Annoying cough that won't go away? Feel like you just got hit by a bus? Or just trying to not get sick in the first place??? Make this immune tea! (It's only 3 ingredients and so powerful) Recipe: 1-2 tsp whole cloves, cinnamon stick, handful of chopped ginger. Boil in water & let it simmer for 10-15 min. Benefits: Slows viral replication, Breaks up mucus + calms cough, Reduces inflammation. Drink 1-2 cups daily when sick (not daily forever). #immunesupport #herbalremedies","1) ""So is this why ph is helps a lot when you're sick? "" (65 likes)
2) Dr. Sue Ojageer, PharmD: ""Omg !!!!! Yes!!!!!! ..... i also add star anise and it works wonders!!!"" (81 likes)
3) ""Cloves are so good "" (6 likes)
4) ""Thankyou what it u have no cloves"" (2 likes)",No,"Pharmacist credential. DIY tea with common kitchen ingredients (cloves, cinnamon, ginger). A PharmD validates the recipe in comments. ""STRONGER THAN DAYQUIL"" is an overclaim but ginger and cloves do have anti-inflammatory properties. Pinned videos warn against viral supplements."
https://www.tiktok.com/t/ZP8bGFvjC/,#tiktokshopspringglowup,@cliplagoon,Get ready for summer ladies #tiktokshopspringglowup #hotgirlsummer #GlowUp #bloated,"1) ""I'm only 21 but I'm not allowed to take pills  any help??"" (5 likes)
2) ""yu gotta workout using this right??""  Creator: ""i don't do cardio just gym""
3) ""Whats it do?"" (3 likes)
4) ""do u take em w food or w out?""",Yes,"TikTok Shop affiliate for Keto Burn (26.5K sold). Account built around body insecurity  ""cortisol holding you back,"" ""you weren't ugly, your cortisol was just high,"" ""chubby cheeks."" Pseudoscience framing (lymphatic draining, cortisol). Comments include a 21yo asking about pills. Follows 6 accounts  affiliate content farm."
https://www.tiktok.com/t/ZP8bGFvjC/,#fastong,@adampotashapproach,How to easily lose 20 pounds this month #fastong #loseit #fattofit #healthychoices,"1) ""I'm 150 I want to be 130 so I'm starting today"" (116 likes)  Creator: ""lets gooooo""
2) ""Starting at 245 on march 18"" (117 likes)
3) ""So No Carbs and High Protein Diet"" (29 likes)
4) ""Starting tomorrow! I have 60 ponds to lose...""",Yes,"Lose 20 pounds this month  unsafe timeline (safe rate is 1-2 lbs/week). Funnels to paid Monthly Membership. Pinned videos escalate: ""I guarantee you lose 5 pounds this week,"" ""200 to 150 in 3 months."" Anti-medicine framing (""No Diet, No , No "") while selling a weight loss program."
https://www.tiktok.com/t/ZP8bGjwyj/,#weightloss,@jessicuhaa,Part 2 | your event is quickly coming up and you desperatly want to lose a little bit of fat/weight beforehand. Follow these 5 non restrictive tips to help you do just that! #fyp #tips #howto #healthyliving #health #wellness #fatloss #forthegirls #weightloss #GlowUp #habits #levelup #foryou,"1) ""I like to brush my teeth and put in my retainer after my last meal to discourage me from eating again"" (4,600 likes)
2) ""All or nothing mindset called me out"" (1,543 likes)
3) ""can you please give examples of food high in fiber that will help reach daily goal?"" (435 likes)
4) ""As Gordon Ramsay said, the star of your meals should ALWAYS be a protein. That's helped me so much.""",No,"General lifestyle advice (protein, fiber, not eating close to bed). Not selling anything. No extreme claims. Has monetization features in bio but this post isn't a sales funnel. Comments are genuine. Framing plays slightly on insecurity but tips are reasonable."
https://www.tiktok.com/t/ZP8bGBFqd/,#aggressivecut,@builtbyashton,Want to lose weight FAST?? Do an aggressive cut  #aggressivecut #weightlosstip #howtolosefat,"1) ""I'm Losing my mind. I'm trying to be 115 currently 121  I'm 5'3 so 121 doesn't look like 121 on me"" (24 likes)
2) ""The agressive cut is the only way to cut"" (506 likes)  Creator: ""No need to drag it out!!""
3) ""That's 940 calories."" (30 likes)  Creator: ""Increase your activity and focus on building muscle first!""
4) Search term: ""aggressive cut for girls teenager""",Yes,"Self-titled ""Fitness Coach,"" no listed credentials. Promotes an ""aggressive cut""  commenters calculated roughly 940 cal/day, which is dangerously low. Funnels to paid 1:1 coaching. A commenter at 5'3""/121lbs is being encouraged toward an already unhealthy goal weight. Google autofill includes ""aggressive cut for girls teenager"" suggesting teens in audience."
https://www.tiktok.com/t/ZP8bGeYGj/,#dermatologist,@dermangelo,What doctors don't want you to know. #doctor #dermatologist #dermangelo #health,"1) ""The people arguing that doctors want you to get vaccinated because it makes them money. "" (20 likes)
2) ""'There are many people out there who could do with more knowing' totally agree "" (7 likes)
3) ""Information doctors don't want you to know: whatever tf is always written on my FMLA papers...""
4) ""are there any vitamins you recommend everyone to take?""",No,"MD FAAD (board-certified dermatologist). ""What doctors don't want you to know"" is satirical here  a real doctor using the scam phrase to debunk misinformation. Not selling anything. Comments confirm the audience gets the joke. Useful edge case for codebook: scam language used in satirical/educational context by a credentialed creator."
https://www.tiktok.com/t/ZP8bsoU5m/,#dentist,@drshaadimanouchehri,#dentist #dentalhack #charcoaltoothpaste #fyp #dentaltok #dentaladvice #dentalhealth #londondentist #christmas #christmastips,"1) ""Haven't used Fluoride toothpaste in almost 10yrs... . Guess how many cavities I've had... none."" (377 likes)
2) ""i've never had a cavity why's that?"" (7 likes)
3) ""I don't think dentists are keeping that from anyone"" (15 likes)
4) ""does xylitol gums really help to prevent cavities?"" (14 likes)",No,"Actual dentist (links to dental practice). ""Your dentist doesn't want you to know these secrets"" is clickbait but she IS a dentist  same satirical pattern as post #22. Content saves patients money. Not selling supplements. Second example of credentialed creators reclaiming scam phrases."
https://www.tiktok.com/t/ZP8bsKyx7/,#health,@taylorloveshealth,"20 things your doctor won't tell you: 1. Drink reverse osmosis water 2. Stop taking multivitamins 3. Don't take vitamin D every day 4. Avoid vitamin K2 in the MK7 form  it's a PGP inhibitor 5. Take essential amino acid tablets instead of collagen or whey protein 6. Check your zinc, copper, vitamin A, and retinol binding protein levels together... [20 items total]","1) ""I'm listening.. but I'm overwhelmed."" (169 likes)
2) ""Secret to everything is true gut health"" (421 likes)
3) ""Can someone recommend a reverse osmosis water filter"" (38 likes)
4) ""Perfect Aminos is TOP TIER!! Been on them since they dropped!"" (43 likes)",Yes,"No medical credentials, bio: ""how the body actually works."" Makes 20+ specific claims contradicting mainstream medical consensus (stop vitamin D, avoid fish oil, stop eating salmon). Funnels to paid guide + Subscription. Uses pseudo-scientific jargon without backing. Comments show viewers overwhelmed and buying the guide."
https://www.tiktok.com/t/ZP8bGSRrD/,#doctor,@doctoryoun,Secrets Doctors Don't Want You To Know! #doctor #secrets #medicine #doctorlife #medicalstudent #resident #LearnOnTikTok,"1) ""As long as they aren't listening to another one bites the dust then I'm fine"" (3,776 likes)
2) ""Wait wait what practicing doing stitches on someone dont they have to ask before the surgery"" (83 likes)
3) ""And also they love to gossip while doing surgeries "" (14 likes)
4) ""They actually really don't want you to know about the jokes and comments they say about you when your put under.""",No,"Board-certified plastic surgeon, verified, 8.5M followers. ""Secrets Doctors Don't Want You To Know"" is clearly comedic content. Disclaims no medical advice. Has playlists debunking bad content. Third example of credentialed doctors using scam phrases satirically  contrast with post #24."
https://www.tiktok.com/t/ZP8bsK8vJ/,#fyp,@biohackbossmd,wanna get rid of belly fat? #fyp,"1) ""the chat gpt inserts "" (1,807 likes)
2) ""The belly fat struggle is so real honestly  I spent years trying different diets and ab workouts... Then a girl in..."" (1,628 likes)
3) ""I drink hot lemon water in the morning and my bloating is gone and my tummy is much flatter"" (90 likes)",Yes,"Has MD credential but operates as wellness influencer. ""How to shred belly fat"" + ""Stop scrolling"" is clickbait, not medical education. Top comment (1,807 likes) calls out ""chat gpt inserts"" in the content. Second top comment reads like a planted testimonial. Funnels to continuum-wellness.com. MD credential used to lend authority to influencer marketing."
https://www.tiktok.com/t/ZP8bGJ6e5/,#abworkout,@kalistarner,My favorite ab workout when all I wanna do is stay home,"1) ""That's the only an machine that I've seen that actually looks like it works. Besides an ab wheel of course."" (301 likes)
2) ""what does the outside temp have to do with an indoor workout?"" (87 likes)
3) ""Mine absolutely humbled me "" (5 likes)
4) ""Can you fold it? I want to see if I can put it under my bed lol""",No,"UGC fashion & fitness affiliate for a home ab trainer via TikTok Shop (82% off). Product review, no health claims or pseudoscience. Comments ask genuine product questions (storage, how it works). Not making unsupported health claims."
https://www.tiktok.com/t/ZP8bGSa2u/,#weightloss,@roslyn.glows,It's time to get ready for summer girlies,"1) ""Glow diet"" 
2) ""i cant do the diet since my parents make the food "" (329 likes)
3) ""I did not see results in 3 days"" (684 likes)
4) ""What's a good protein shake to use for this diet"" (25 likes)",Yes,"Lose 30lbs in 1 month  dangerously unrealistic. Promotes ""Korean Diet Plan"" funneling to paid Glow Diet app. Claims ""Created by actual DOCTOR"" with no verification. Follows 0 accounts  content farm. Commenter appears unable to control their own meals (possibly a minor)."
https://www.tiktok.com/t/ZP8bGrrNY/,#treadmill,@kjenner.tts,this thing is AMAZING !! i love it!! #treadmill #tiktokshop #10ksteps #newyearme,"1) ""very easy if you're unemployed which i'm NOT "" (725 likes)
2) ""1hour in the morning, 1 hour at night, work 9-6 it can be done"" (412 likes)
3) ""How loud is it?"" (7 likes)
4) ""Is it smart to do this on carpet?""",No,"TikTok Shop affiliate for a treadmill. Not making health claims  just showing she uses it for 10K steps. Comments are practical. Bio: ""cute + affordable finds."" Has PCOS supplement content elsewhere but this post is a straightforward product review."
https://www.tiktok.com/t/ZP8bGFWLm/,#pilatesathomeworkout,@thenellymethod,For the girlies who LOVE Pilates on a budget  I love this at home reformer!! Beginner friendly  #tiktokshopcreatorpicks #pilatesathomeworkout #outdoorfun #pilatesboard #absworkout,"1) ""Girl it's expensive imma just put to towels on the floor"" (662 likes)  Creator: ""If you've never done Pilates before I might not do this but whatever you want queen ""
2) ""So can I throw a towel down and get going the same way orrrrr?"" (16 likes)
3) ""will this board help me glutes aswell"" (47 likes)",Yes,"Buy before it runs out + ""Price drop: 60%"" = scarcity framing. Labeled Sponsored (35.9K sold). Caption claims 10 minutes of pilates board daily eliminates stubborn belly fat  unsubstantiated."
https://www.tiktok.com/t/ZP8bGFKcr/,#antiinflammatorydiet,@arlenelean,Ask chat GPT to create an anti inflammatory diet based on your profile (height/weight). On the weekends I'll be more flexible but still anti inflammatory focused... It's extremely sustainable! I'm also more mindful of my workout schedule... Every body is different! #antiinflammatorydiet #wellness #health #cleaneating #cleanse,"1) ""i lost over 40 pounds being anti inflammatory"" (39 likes)
2) ""Rice and yogurt?  those can't possibly be anti inflammatory"" (163 likes)  Creator: ""Umm a simple search will teach you that rice is neutral and yogurt is anti inflammatory health police.""
3) ""And drink dandelion root and leaf tea and hour before bed """,No,"Shares personal anti-inflammatory diet experience, not selling anything. Says ""Every body is different!""  responsible caveat. Advice is general lifestyle (balanced eating, walking, Pilates). No supplements, no product funnel. Has monetization links but this post isn't using them."
https://www.tiktok.com/t/ZP8bGgaTp/,#fyp,@aaidaanaaaa,click orange cart to order heheheh #fyp #facemask #SelfCare #skincare,how'd does this one work compared to expensive high quality brands?? | I NEED ONE,Yes,"TikTok Shop affiliate. No credentials, bio says ""having fun on tik tok shop!"" Sells Red Light Therapy mask (35.8K sold, 54% off). Claims mask puts creator ""always in a good mood."" Mental health claim with no evidence. Engagement bait (""click orange cart"")."
https://www.tiktok.com/t/ZP8bGsdvb/,#fyp,@elisewetherholt,how the anti-inflammatory diet made my appetite disappear #fyp #appetite,"The anti inflammatory diet quite literally saved my life (12.4K likes) | 100%. I've been on anti inflammatory diet for about 2 weeks now. The difference is absolutely insane. (7,741 likes) | It's fiber. People need fiber. (29.3K likes)",No,"Educational content about anti-inflammatory eating  evidence-based dietary pattern. Not selling a product in this post. Offers a free food noise guide. Top comment ""It's fiber"" suggests a science-aware audience."
https://www.tiktok.com/t/ZTkFwQKfa/,#applecidervinegar,@jacqueline_bazzell,Apple cider vinegar gummies are not for the weak #applecidervinegar,No they actually taste so bad but it has helped my gut health and made me feel skinnier soo (484 likes) | Am I the only one who actually likes the taste  (250 likes) | Results? | I like the taste,No,"Small account (414 followers). Honest, self-aware review of ACV gummies  admits they taste terrible and jokes ""these better make me skinny."" No sales pitch, no affiliate link. Actually a negative review."
https://www.tiktok.com/t/ZTkFwf2SG/,#weightloss,@haysshopfindz,This is actually insane. #weightloss #transformation #GlowUp,"I am almost done with it, I don't think I'm doing it right. | Creator reply: When are you taking them and how many? | i saw these at tjmaxx n was gonna get them but they expire in 2 months (730 likes) | could you dropp an ingredient list?",Yes,"TikTok Shop affiliate for Goli ""Metabolism boost"" gummies (180.1K sold, 40% off). Before/after implication with jeans photo after three weeks. Bio: ""Helping girlies like me heal their gut""  no credentials. Targets body image insecurity."
https://www.tiktok.com/t/ZTkFwUjee/,#ResetYourBody,@ana.wellness,Lose weight eating gummies. #ResetYourBody #FeelGood #goli #vitamins #bloated #titkokshop #applevinegar #TummyGoals,question (please answer): how do the gummies work? like do they make you less hungry? (17 likes) | Do I take it before dinner or after? How does it work? (27 likes) | Is that for kids | How many do u eat at one time,Yes,"Spanish-language wellness account. Sells same Goli ACV gummies as posts #35, #38, #39 (180.1K sold). Claims ""Lose weight eating gummies,"" ""goodbye to being bloated,"" ""bikini season."" No credentials. Same affiliate network, different creator."
https://www.tiktok.com/t/ZTkFwSc1R/,#fyp,@uluvdanika,this is my second pack i love them #fyp #kindpatches #kindpatchesglp1 #glp1 #foryou,"Food noise isn't hunger y'all. Food noise is the constant obsessive thoughts about food... (9,194 likes) | i got bored hunger. i eat when im bored (3,285 likes) | Berberine can't be absorbed through the skin. (10 likes)",Yes,"TikTok Shop berberine patches (478.3K sold). Claims they remove ""food noise"" and implies GLP-1-like effects via #glp1 hashtags  misleading. 18yo fashion influencer. Key issue: berberine cannot be absorbed transdermally, which a commenter correctly points out."
https://www.tiktok.com/t/ZTkFwqYP6/,#results,@dealsbysara,This video was also taken 30secs after I had dinner #results #resultsmayvary #tiktokshopjumpstartsale,"yall these really only help you lose weight when they're used alongside working out, but they do work and help (1,201 likes, creator ) | I get scared I'm gonna get sick or smth from taking them | Broke=drink from the bottle | Nah I tried these and if y'all can get past the taste then I applaud y'all",Yes,"I saw results in 12hrs + ""video taken 30secs after I had dinner""  physiologically impossible claim. Content farm account (5,748 followers). Third affiliate pushing the same Goli product with escalating false claims. Targets bikini season insecurity."
https://www.tiktok.com/t/ZTkFwPeqN/,#fyp,@halo.dewy,LOVE THAT GIRL,"Does it acc work or they lyin (112 likes) | Show me before and after pics (681 likes) | Yall taking tape worms  | I'd be mad if my cute jeans didn't fit nomor I'm broke (3,687 likes, creator )",Yes,"Fourth affiliate posting for the same Goli ""gut cleansing gummies"" (180.1K sold). Claims bloating ""literally went away within a week."" 6,898 followers. Recognizable TikTok Shop affiliate template across posts #3539."
https://www.tiktok.com/t/ZTkFwcJ6p/,#cheekybonsai,@cheekybonsai,gamer charger for my gut health with Cheeky Bonsai Balanced Babe probiotic gummies   #cheekybonsai #byebyeuti #balancedbabe #urinaryhealth #probiotics #womenshealth,does it shrink waist and stomach? (13 likes) | Do they help with bloating?? Creator: yes! They help regulate digestion  | I just bought the bye bye uti powder today! Praying it helps!!!!,No,"Verified brand account (IXXA, INC.) selling probiotics for vaginal/urinary health. Legitimate product category. A commenter asks about ""gummies that make you skinny"" and the creator only says ""Everyday"" without correcting the misconception  misleading by omission but not actively claiming weight loss."
https://www.tiktok.com/t/ZTkFwvxCk/,#tiktokshopspringglowup,@cliplagoon,Get ready for summer ladies #tiktokshopspringglowup #hotgirlsummer #GlowUp #bloated,I'm only 21 but I'm not allowed to take pills  | do u take em w food or w out? | Does it work  Creator: yes it did very well for me,Yes,"TikTok Shop affiliate for Keto Burn (27.1K sold). ""Proof keto burning is the fastest glow up""  unsubstantiated. Bio: ""Only promoting genuine beneficial products"" but no credentials. Second account in dataset pushing this exact product."
https://www.tiktok.com/t/ZTkFwvvq1/,#fyp,@who.is.john_,Summer's almost here..,How many do you take a day? | two completely different people btw (284 likes)  Creator: Its still me just started using this... | Do u gotta be active to take it?,Yes,"TikTok Shop affiliate, same Keto Burn product. Comment calling out before/after manipulation got 284 likes  creator deflects. Bio: ""The Best TikTok Shop Deals...Jesus Christ Is #1."" Third affiliate for this product."
https://www.tiktok.com/t/ZTkFw7xDy/,#kindpatches,@laurenlaysitout,Sit down listen up.. they WERK #kindpatches #debuff #biohacking #snatched #metabolismboost @Kind Patches USA,Kind patches USA with a blue tick is that the correct site  Creator: Yes ma'am! | b vitamins cant permeate the skin barrier (7 likes) | These help with the bloat but I never lost weight...They slightly helped with food noise but these weren't a cure all. We need more HONEST reviews. (223 likes),Yes,"Sponsored post for Kind Patches berberine patches (115K sold). Creator insists the product works and frames skepticism as user error. Comment correctly notes B vitamins can't permeate the skin barrier. Another honest reviewer (223 likes) reports no weight loss. ""Holistic Biohacker""  no credentials."
https://www.tiktok.com/t/ZTkFwbWao/,#tiktokshopcreatorpicks,@twinsales_,Trying to lose weight but feel stuck? Keto Burner helps your body switch into burn mode faster. #tiktokshopcreatorpicks #fyp #weightlossjourney #fatburner #ketoburner,let's see that guy bro.. don't look like it's working  Creator: It do work actually!,Yes,"TikTok Shop affiliate for Keto Burner. Claims product helps body ""switch into burn mode"" and ""uses fat for fuel""  pseudoscientific framing. No credentials. Fourth affiliate in the Keto Burn network."
https://www.tiktok.com/t/ZTkFKemSk/,#fyp,@findsbychris_,Get right before summertime#fyp #debloat #looksmax #debloating,"How long?  Creator: Depends how hard you work, 3-6 months is reasonable! | Adds to cart | James 4:8",Yes,"TikTok Shop affiliate (67% off) for same Keto Burn (27.1K sold). ""POV: You took keto Burn seriously""  body transformation implication. 5,768 followers. Account is an affiliate deal-aggregator (""Best Finds & Deals on TikTok Shop"")."
https://www.tiktok.com/t/ZTkFKe2o8/,#ketolife,@welearn2earn,Keto Burn offers 1200mg per serving with ingredients meant for those following a ketogenic lifestyle. #ketolife #HealthAndWellnessDeals #tiktokshopblackfriday,Does it work.???? | Bro | Nahh where the warehouse videos at | Look like quick with son,Yes,"TikTok Shop deal aggregator. Pushes same Keto Burn with discount urgency (""I hope you didn't buy this cause it just went on sale""). No credentials. Sixth account in dataset pushing this one supplement product."
https://www.tiktok.com/t/ZTkFw7VaD/,#transformation,@amyinhalf,I trust @JoinFridays for all things GLP. Highly recommend if you've been thinking about a GLP or switching providerrrs. Code: AMYINHALF #transformation #fridayspartner #transformationchallenge,"And bone loss , liver problems , hair loss , and ed (1,996 likes) | The legs look crazy (450 likes) | Yeah no there is definitely side effects. This ad weird (3,679 likes)",No,"Sponsored ad for JoinFridays, a GLP-1 telehealth provider  a legitimate prescription medication service. The concern here is the caption dismissively frames ""people say ozempic has side effects"" while top comment (3,679 likes) calls out that the ad is weird and side effects are real. Not outright fraud but ethically questionable ad framing."
https://www.tiktok.com/t/ZTkFKk4K5/,#fyp,@reco_thingss,"Detox Water with Cucumber & Lemon in a transparent glass bottle  A simple sip for glowing skin, a slimmer waist, and a healthier heart. #fyp #viral #trending #detoxwater #clearskin #acnetreatment #healthy","My first try (photo, 51 likes) | how many days can keep this bottle of detox water once make it (11 likes) | i'll be honest......it looks good and refreshing but it does not taste good",Yes,"Claims cucumber lemon water causes: slim waist, fights acne, lowers blood pressure, healthier heart. No credentials. Recipe itself is harmless but the medical claims are false. Potentially dangerous if someone uses this instead of actual treatment for blood pressure."
https://www.tiktok.com/t/ZTkFKCfK9/,#fyp,@tobi_ojora,Part 1 | My favourite debloating / detoxing / metabolism boosting hack  Leave the fruits to properly infused overnight and then drink! #fyp #detoxwater,Am I the only one who gets bloated after drinking water? (688 likes)  Creator: You might be drinking too quickly (swallowing too much water) or sodium intake too high (99 likes) | Can i do IT whitout chia seeds cuz we dont have these (32 likes) | will we even loose weight within 1 week?,No,"DIY infused water recipe (cucumber, lemon, chia seeds). Uses ""detox"" and ""metabolism boosting"" buzzwords but framed as a personal favorite hack, not a medical claim. Not selling anything. Gives practical hydration advice. Trendy wellness language without extreme claims."
https://www.tiktok.com/t/ZTkFKDsyC/,#skincare,@kainatvibes,Skin Glow like never Before(Guaranted Result in 30days) Try in take of 3 litre atleast daily for better result  Best water to detoxify your body  Best for hormonal acne and dull skin #skincare #detox #detoxwater #glowingskin,full recipe please (5 likes) | ye Chia seeds Daly Hein (3 likes) | sis es sy weight to loss ni Hoga na??? (15 likes) | about irrgular periods koi receipe bta dy (11 likes),Yes,"Claims ""Guaranteed Result in 30days"" for skin glowing water. ""Best for hormonal acne""  unsubstantiated. No credentials (Beauty/Lifestyle UGC Creator). Comments show people asking about weight loss and irregular periods, suggesting broader expectations from a water recipe."
https://www.tiktok.com/t/ZTkFKkcvU/,#health,@mandanazarghami,"one of my favorite morning wellness supplements to include is sea moss gel. this is great for your gut health, skin health and digestive health. 1-2tbsps on empty stomach before breakfast #health #wellness #guthealth #skinhealth #womenshealth",True sea moss is the bestttt taking one! (4 likes) | Where do I find sea moss? | Where do you get this specific brand? (6 likes)  Reply: From Sprouts :) (11 likes) | Is it good to eat on an empty stomach when...,No,"Recommends sea moss gel for gut and skin health  moderate claims, no extreme language. When asked where to buy, says ""From Sprouts"" (grocery store), not an affiliate link. No product being sold. 467K followers. Reasonable wellness content."
https://www.tiktok.com/t/ZTkFKQJWX/,#trueseamoss,@glaamshoppe,The True Sea Moss Gel is on sale!! #trueseamoss #seamossbenefits #tiktokshopblackfriday #tiktokshopcybermonday #seamossgel,|  |,No,"Sponsored ad for True Sea Moss 2-Bottle Bundle (TikTok Shop, 4.7, 7114 sold). Sea moss has actual nutritional value. Caption uses general wellness language without extreme claims. ""FLASH SALE TODAY"" creates urgency but product is legitimate."
https://www.tiktok.com/t/ZTkFKCYLc/,#seamoss,@tatawalata3lol,I'm actually obsessed with this stuff  #seamoss #seamossgel #guthealth #minerals #tiktokshop #sale #ttsacl #fypage #health,"I feel like people should be properly measuring the 2 tablespoons with an actual measuring spoon, not an eating spoon. sea moss is high iodine. be careful  (203 likes) | wait only a week i got it two days ago but im scared (23 likes) | Does it taste fishy?! (31 likes)",No,"TikTok Shop affiliate for TrueSeaMoss Gel (4.6, 12.3K reviews, 114.5K sold). Moderate claims (""helps clear skin and gut health""). Importantly, top comment (203 likes) warns about iodine content  community awareness present. Transparent affiliate for a legitimate (if overhyped) wellness product."
https://www.tiktok.com/t/ZTkFK5kBu/,#healingwithfood,@madelinemary__,I highly recomend everyone takes these daily due to the world we live in! Grab yours at top of my page #healingwithfood #healingtiktok #HealingJourney #heavymetal #heavymetals #heavymetaldetox #heavymetaldetoxification,"The best, safe heavy metal detox is 100% natural Zeolite Pure Micronized Powder! (2 likes) | How do you open pathways before detoxing? (6 likes) | How do you know it's working? Or if it's just a placebo pushed for money.. | Would this be okay for my two year old? (3 likes)",Yes,"Claims ""HEAVY METALS ARE HARMING OUR HEALTH""  fear-based opening. Sells detox products via profile link. No credentials (bio: ""mind, body, soul healing""). Comments promote zeolite. Real heavy metal poisoning requires medical chelation therapy, not detox products."
https://www.tiktok.com/t/ZTkFKud2F/,#holistichormonehealth,@leah_brueg,You have to build your body up before jumping into a detox #holistichormonehealth #zeolitedetox #heavymetaldetox #fertility #hormonehealth #balancinghormones naturally,"thanks for telling them...detoxing is a process...start with liver and kidney detox, then other steps, heavy metal is final step (154 likes) | nope full speed ahead (506 likes) | So.....what are the steps we need to take before doing detox then??? (182 likes) | do we still take iron pills",Yes,"FDN-P and NLP Practitioner credentials  neither is a licensed medical credential. Self-diagnoses ""heavy metals"" without testing. Runs ""Raise Progesterone naturally"" masterclass. Zeolite detox is not evidence-based. 320.3K followers making specific hormonal recommendations without medical license."
https://www.tiktok.com/t/ZTkFKUq1M/,#cilantro,@madelinemary__,One bunch of cilantro a day! #cilantro #vitiligo #HealingJourney #foodismedicine #foodisfuel #healing #healingtiktok #chronicillness #guthealth #vitiligocheck,I have always CRAVED cilantro. I think my body knew how to heal itself without me even knowing (195 likes) | Do you need a binder for this? Or is cilantro itself fine? | How much cilantro would be ideal serving for detox (9 likes)  Creator: Any amount is beneficial! Start slow because it's healing. I add bunch to each meal!,Yes,Same creator as post #54. Claims eating cilantro daily detoxes heavy metals  pseudoscience. Some chelation research exists on cilantro compounds but eating bunches daily is not an evidence-based treatment. Targets #chronicillness and #vitiligo communities.
https://www.tiktok.com/t/ZTkFKDJ5C/,#heavymetal,@naturalwnatalie,"Part 12 | mighnight heavy metal serox smoothie pt 2... everyone comes in contact with heavy metals, they've been snuck into all our products, air, water, so make this smoothie everyday to remove buildup in your system!!! #heavymetal #heavymetaldetox #heavymetaldetoxsmoothie #medicalmedium",Love medical medium! Got me on that celery juice grind (9 likes)  Creator: YES | I find it weird he suggests smoothies. Smoothies are HORRIBLE for your brain health. Amount of sugar insane (2 likes)  Creator: Idk!! It rly helped me tho,Yes,"Promotes ""heavy metal detox smoothie."" References #medicalmedium, Anthony William, who claims to receive health information from a spirit. Fear-based framing (toxins in ""all our products, air, water""). Yoga instructor, no medical credentials."
https://www.tiktok.com/t/ZTkFKFoJD/,#HerpesDetox,@nuvitallife,#CapCut #NuVitalLife #HerpesDetox #heavymetaldetox #heavymetals,Where are you getting your herbs? (38 likes) | How consistent should be take this tea to be detoxed from heavy metals? (19 likes) | Is this ok for children to drink? (11 likes) | I have mucus every where what can I use,Yes,"Promotes ""Heavy Metal Detox Tea."" No credentials (""Herbal Wellness Storyteller""). Notably, a commenter asks if the tea is safe for children  no response from creator visible. Also uses #HerpesDetox, implying herbal tea can address a viral infection requiring antiviral medication."
https://www.tiktok.com/t/ZTkFKQrXE/,#cellulite,@adelemarchant,Replying to flo how I reduced my cellulite by 90% with fascia massage #cellulite #cellulitereduction #cellulitetips #celluliteremoval #fasciablasting,ive loved my results of fascia blasting never changed even after years (35 likes) | I have same fascia massager. It makes me itch on body parts I use it on. Does it do that to you too? (4 likes) | Does it make anyone else feel nauseous? Why?!? (417 likes) | My mom does this professionally!! Do not do it in circular motion it's can tangle your facia,No,"DIY fascia massage for cellulite. Caption includes a disclaimer that creator is not a doctor. Not selling products. Fascia massage has some basis in physical therapy practice, though evidence for cellulite reduction is limited. Responsible framing throughout."
https://www.tiktok.com/t/ZTkFKkkVq/,#cellulitereduction,@ilylinds,the suction on this thing is actually insane  #cellulitereduction #cellulitetool #cellulitemassager #beautytools #SelfCare,Does this work? Looks a bit painful  (13 likes) | How do you charge it? | it hurts y'all. phew. (2 likes) | It works .! But my legs are bruised after each treatment,No,"TikTok Shop affiliate for an anti-cellulite massager. ""Nobody: me: sucking my cellulite away""  humorous tone. Comments include honest reports of pain and bruising. Transparent product review. Not making extreme health claims."
https://www.tiktok.com/t/ZTkFKh7KR/,#cellulitemassager,@bodybydesaunique,Do not waste money on another cellulite product if you're not addressing lymphatic stagnation and fascia tightness. Cellulite forms when fluid and toxins get trapped beneath skin #cellulitemassager #cellulitereduction #lymphaticdrainage #smoothskin #bloatingrelief,Google says cellulite is fat nowhere does it say it's fluids (5 likes)  Creator: Water retention is 100% a major contributor to cellulite- research | I bought mine and it shocks me LMAO (9 likes)  Creator: Are you using oil | Hello why mine very painful,Yes,"Claims ""fluid and toxins get trapped beneath skin"" to explain cellulite  that's false (cellulite is fat herniation through connective tissue). When a commenter says ""Google says cellulite is fat,"" creator misleadingly says ""Water retention is 100% contributor"" rather than correcting themselves. TikTok Shop affiliate (49.2K sold). Bio: ""#1 Premium Online Body Sculpting Academy""  no credentials."
https://www.tiktok.com/t/ZTkFKMK2e/,#cellulite,@ms_jackson1733_,Part 1 | Replying to Nads Ladies if you're insecure about your cellulite ladies try this & tag me in your results,"It worked for me. Used lymphatic shower brush, saw changes after a month (81 likes) | I'm tired of buying stuff that don't work (579 likes) | This did not work. Used the whole bottle (61 likes)",Yes,"TikTok Shop affiliate for M3 Anti Cellulite Oil (315.2K sold). Targets body insecurity directly. Multiple comments confirm the product didn't work. Topical oil cannot eliminate cellulite, which is a structural fat issue."
https://www.tiktok.com/t/ZTkFKarxX/,#cellulitetips,@louveaderm,Models gatekeeping this... oops,cellulite is cute so no thanks (974 likes) | U can't get rid of cellulite btw (64 likes) | what's cellulite (95 likes) | me and my cellulite against the world (132 likes),Yes,"Brand account for an electric cellulite device. Other videos on the account claim ""reduced thigh cellulite by 90%""  an extreme quantified claim with no backing. Aspirational ""models gatekeeping"" framing. 1,625 followers, small but consistent in false claims."
https://www.tiktok.com/t/ZTkFKCNTd/,#celluliteroller,@shoppinghacksgirl,"Smooth legs, better circulation, and real resultsthis roller targets cellulite, supports lymphatic drainage, and feels like a deep tissue massage at home. Use daily and thank me later.","I'd get that to scratch (66 likes) | Great another thing I gotta buy, 'a few minutes a day' (142 likes) | This looks exactly like a giant dyson filter cleaner (956 likes)",Yes,"TikTok Shop affiliate, self-described ""top 1% tt shop affiliate."" Sells cellulite roller with claims it can ""fully drain the lymph in your legs""  pseudoscientific lymphatic drainage framing. No credentials. Urgency from 54% price drop."
https://www.tiktok.com/t/ZTkFKXA3p/,#bellyfat,@marianasmithauthor,How to lose belly fat  compares chia seed drink vs ACV/turmeric/black pepper drink,Basil seeds are  (85 likes) | I feel bloated when I started drinking water with chia seeds (69 likes) | Can I mix chia and basil seeds together (2 likes) | how to lose face fat? (9 likes),Yes,"Caption hedges (""neither drink directly burns belly fat"") but the hook framing is ""How to lose belly fat."" Account pattern is more concerning: paid subscription for ""The Skinny Private Club,"" ""brainwash yourself until you become skinny"" content, ""Skinny secrets"" playlist. Monetizes insecurity without selling a supplement directly."
https://www.tiktok.com/t/ZTkFKnWsy/,#fyp,@gvibes.j,"Part 5 | And we making progress, thanks to this oil  #fyp #explorepage #castoroil #selfcaretips #castoroilbenefits",Yall be doing any damn thing this here internet tell you to do  (619 likes) | what about jamaican castor oil (7 likes) | And it really work doe (393 likes),Yes,"Claims applying castor oil to the belly button burns belly fat  no physiological basis for this whatsoever. ""Day 99"" repetition format builds false credibility. TikTok Shop affiliate for castor oil (239.8K sold). Top comment (619 likes) is a direct callout. Account also posts ""bleaching skin clears dark spots"" content  pattern of unsubstantiated body claims."
https://www.tiktok.com/t/ZTkFKvVMo/,#healthtips,@nourishwellness6688,Number 1 Drink to burn belly fat #healthtips #healthylifestyle #health,Chia seeds make you bloated (70 likes) | Chia seeds it's work for me I love it (159 likes) | Warm or cold water with Chia seeds (24 likes) | is chia seeds good for pregnant women (5 likes),Yes,"Filmed in surgical scrubs in an OR-adjacent setting  borrows medical aesthetic without naming credentials, hospital, or specialty. Direct fat-burning claim with before/after belly graphic. Account posts sensationalist health content: ""Remove Sugar From Veins,"" ""Number One Treatment For Chronic Knee Pain."" Content farm pattern."
https://www.tiktok.com/t/ZTkFKwst4/,#BellyFatBurner,@healthy.organic.secret,Did you knew this recipe?  For educational purposes only. Not medical advice.,"Reviews to come. My pouch is 35 inches, will report in 3 days and 7. Wishing us all good luck! (21 likes) | I wanna lose 100 pounds (0 likes) | yes I need more (0 likes) | 20 lbs plzzzz (2 likes)",Yes,"Burn belly fat in 3 days without diets  extreme timeline. ""For educational purposes only, not medical advice"" disclaimer in caption doesn't neutralize the false title claim. Same fake doctor aesthetic as post #67 (scrubs, no name/hospital). Monetizes via free ebook + subscription. Comments show people measuring waists hoping for 100 lb losses."
https://www.tiktok.com/t/ZTkFKw9tG/,#wellnesstok,@glowith.vee,Find me with no waist... #wellnesstok #motivation #Fitness #oxyshred,"Pair this up with a clean diet, slight caloric deficit, cardio, and good split. Will have y'all looking soooo good (1,454 likes) | I'm officially down 27lbs catch me in premmie clothes summer 2025 (3,337 likes) | does it really work? cus if I drink this and dont lose anything ima be tight lmao (1,352 likes)",Yes,"Sponsored post for EHPlabs OxyShred. Calls it ""skinny juice 3000""  implies weight loss from a pre-workout, which is misleading. Pre-workouts don't cause fat loss. Sponsored label is present but the core framing is still deceptive. Top comment (1,454 likes) correctly notes diet and cardio are what actually produce results."
https://www.tiktok.com/t/ZTkFKngbH/,#guthealth,@ashbro0ks,from hiding under hoodies to feeling confident in my skin again,I only take the digestive enzymes and it works really wonders for me (37 likes) | I just bought it hopefully it'll help cuz I've had horrible gut health since i was a teen (743 likes) | These work so well actually (32 likes) | Guys it worth it!!!! (21 likes),Yes,"TikTok Shop affiliate for a vague ""Gut Health Bundle"" (138.6K sold). ""From hiding under hoodies to feeling confident""  implies supplement caused the transformation. No credentials, no disclaimers. Comments include people with chronic gut conditions asking if it'll help them. Profile shows a pattern of supplement promotion with body transformation claims."
https://www.tiktok.com/t/ZTkFEeeK1/,#nutrition,@nutritionbabe,"Get the Daily Ontra (link in bio) for your daily dose of exactly what you need to hear  no fluff, no guesswork. Promotes The Daily Ontra subscription program (Optimized Nutrition, Thoughts, Results & Actions).","Been doing this for a while but actually didn't realize how effective it is (53 likes) | I love eating the same meals it makes it so much easier to remember (55 likes) | Love the tips! (1 like) | Wow you look amazing, food noise was my biggest problem (5 likes)",No,"MS, RD  licensed nutrition professional. Verified account, 2M followers. Clickbait title (""Lazy Ways to Lose Weight For Free"") but actual content is a structured nutrition coaching subscription, not a supplement or pseudoscience product. No detox language, no unrealistic timelines."
https://www.tiktok.com/t/ZTkFKXrVB/,#holistichealthcoach,@thecarolinalifestyle,Things I'll never do as Holistic Health Coach  #holistichealthcoach #womenshealthcoach #womenshealthtips #womensnutritiontips #holistichealth #hormoneimbalance,"Not me watching this, intermittent fasting, drinking coffee on empty stomach all day (1,184 likes) | Omg when i drink coffee with nothing in my stomach my day is ruined (416 likes) | Damn usually first thing I put in my body is iced coffee (158 likes)",Yes,Holistic health coach is not a licensed or regulated title. Makes specific hormone and digestion claims without medical credentials. Monetizes via paid meal prep guide. No disclaimers. Same credential gap as the FDN-P and NLP Practitioner pattern seen in posts #55 and similar.
https://www.tiktok.com/t/ZTkFEJTcg/,#nutrition,@drjohnnyhadac,"Best weight loss tips  The best diet for weight loss isn't about restriction, it's about foundation. Start with protein, fiber, water, and real food. Cut down on processed foods, refined carbs, added sugars, and seed oils. #nutrition #food #weightlosscookbook #protein #doctor","I've been doing this 6 weeks and I'm down 22lbs (2,737 likes) | I like protein and fiber meals (70 likes) | High protein, low carbs (494 likes) | I was told by Doctors that too much protein ruins your kidneys (178 likes)",No,"Evidence-based nutrition advice: protein thermic effect, fiber, cutting processed foods  all backed by research. No supplements, no pseudoscience. Sells a cookbook (not a supplement). Handle and bio suggest legitimate medical training in progress."
https://www.tiktok.com/t/ZTkFKGVNy/,#dietitian,@stephgrassodietitian,Part 1 | How I established a healthy relationship with food. Why restrict your favorite foods when you can just add more nutrients?! Best of both worlds #dietitian #nutrition #healthyrelationshipwithfood #macncheese #healthtips,"Best I can do is 6 redbulls. (44.9K likes) | when I eat carbs I do NOT feel energized (35.9K likes) | Where is cold brew on this list (3,927 likes) | Most people don't realize it's not the carbs making them fat (1 like)",No,"MS, RD  verified, 2.1M followers. Promotes adding nutrients rather than restriction  anti-diet approach consistent with evidence-based dietitian practice. Cookbook published by Penguin Random House. One of the most credentialed accounts in this dataset."
https://www.tiktok.com/t/ZTkFEdtGQ/,#healthylifestyle,@dietitianwithtwins,My most successful clients have *THIS* in common! #healthylifestyle #consistency #healthgoals #weightlosstips #weightlossjourney #weightlosstipsforwomen #nutritiontips #nutritioncoaching #dietitiantips,Exactly! Small wins stack! (0 likes) | Consistency is the most important thing in ANY area of life (2 likes) | Show us your foods please (0 likes) | Consistency and resiliency  (0 likes) | Yes consistency is keeyyy (1 like),No,"MS, RD, LDN. 499.2K followers. Post is about client consistency and behavioral mindset  no false claims, no supplements. The 90-30-50 method is a structured framework promoted by a licensed dietitian. Sells coaching, not a supplement."
https://www.tiktok.com/t/ZTkFKvjt7/,#fyp,@fiberchina,"Fiber is essential for weight loss and health because it keeps you full longer, reduces calorie absorption, and stabilizes blood sugar to prevent cravings. It also supports digestion, promotes gut health, lowers cholesterol, and reduces the risk of heart disease! #fyp #weightloss #fiber #healthy",benefiber powder made me lose 10 pounds (201 likes) | Are you tracking your fiber intake? If so how much a day? (3 likes) | Spinach and banana smoothies with a bit of water! Does magic for me!! Constantly releasing (114 likes),No,"No credentials, but all claims are scientifically accurate: fiber satiety, blood sugar stabilization, cholesterol reduction, gut health are all established nutrition science. Sells food recipes, not supplements. Slightly clickbait-y framing but content is factually sound."
https://www.tiktok.com/t/ZTkFKgfnx/,#guthealing,@claire.elis,my gut is obsessed w these and so are my doctors #guthealing #digestion #constipation #guthealth,i love digestive enzymes! (17 likes) | what if the triphala isn't enough?  (24 likes) | I've had gut health issues for years and my doctor is not helping. In what order should I take these? (171 likes) | Taking too many supplements is not good for your kidney. (333 likes),Yes,"No credentials (bio: ""healing&stuff, home, beauty, fashion""). Recommends gut supplements citing ""doctors and yearsss of trial and error""  borrowed authority with no verification. Targets people with chronic digestive conditions. Top comment (333 likes) warns about kidney damage from over-supplementing. Comments show people using this as a substitute for actual medical care."
https://www.tiktok.com/t/ZTkFK3rP7/,#guthealth,@mariannas_pantry,5 realistic gut health tips that arent from an influencer getting paid thousands of dollars to tell you Bloom Greens powder healed their gut and cured their bloating. #guthealth #guthealthtiktok #guttok #digestion #stomachproblems,"1. Fiber intake 2. Prebiotic foods 3. Drink water 4. Daily movement 5. Keep stress low 6. Prioritize Sleep (9,043 likes) | Mangos are a really good source of fiber as well (402 likes) | Every time I try to increase fiber I blow up like a balloon (776 likes)",No,"MS Nutrition + CSCS. Explicitly calls out Bloom Greens powder by name as a scam. Tips are all evidence-based. No products, no supplements, no TikTok Shop. One of the strongest not-scam examples in the dataset  good anchor for the negative class."
https://www.tiktok.com/t/ZTkFEfHR3/,#wellness,@sian.duggan,good morning from me and my 100 beverages  #wellness #morningroutine #wellnesstips #seamoss #glutathione #wellnessjourney #wellnessinfluencer @Cymbiotika,What is elderberry tea good for? (6 likes) | THIS is my kind of content!!! (8 likes) | How can you drink this many things just in the morning (23 likes) | how do you make the elderberry tea (1 like),Yes,"UGC creator (""ugc & pr"" in bio) tagging @Cymbiotika  likely paid or gifted post with no Ad or Sponsored disclosure. Promotes alkaline water (body regulates pH regardless of diet), oral glutathione (minimal bioavailability vs IV), sea moss, ceremonial cacao. No credentials. Micro-influencer in a supplement brand pipeline."
https://www.tiktok.com/t/ZTkFE2gDr/,#dealsforyou,@kiaranaleman,Literally the lowest it's been and only through July 19th! @ehplabs is running more deals on their other supplements that you can find in my showcase  #dealsforyou #ehplabs #oxyshred #GymTok #Fitness #preworkout,$23 at Walmart girls! Do yalls research! (202 likes) | What if I go to the gym at night is it worth it (2 likes) | I loveeeee oxyshred (4 likes) | Wheres your top and bottom from? (1 like),Yes,"Same EHPlabs OxyShred as post #69, different affiliate. Reverse psychology hook (""I'm not buying Oxyshred idc..."") is FOMO manipulation. Artificial scarcity: ""lowest it's been, only through July 19th."" Bio lists Legion Supplements affiliate code  multi-brand supplement affiliate identity. No Sponsored label visible (less transparent than post #69). Top comment (202 likes) calls out the markup vs Walmart pricing."
https://www.tiktok.com/t/ZTkFEf9KD/,#wellnesstips,@rebeccaaleigh,"wellness, simplified. coming from a wellness girlie whos tried and done everything for almost 10 years now  #wellnesstips #deinfluencing","please make more of these! (1 like) | these things are BONUSES but dont feel the pressure that you neeed any of them! (21 likes, Creator) | i PREACH to my friends not to take supplements and vitamins without blood tests (8 likes) | Ahhh doing the lords work (2 likes)",No,"Explicit de-influencing content (#deinfluencing). Creator's own comment says supplements are ""bonuses"" not necessities. No products, no TikTok Shop, no supplement recommendations. Active pushback against supplement culture. Comment section encourages blood tests before supplementing. Strong not-scam example."
https://www.tiktok.com/t/ZTkFEkFEX/,#coughremedy,@thewellnesspharm,"Part 2 | This ancient remedy works like natural Mucinex- it thins mucus, calms throat irritation, and helps with chest relief for under $2. Onion cough tea:  red onion, ginger, water, manuka honey. Sip warm, twice daily only when sick. #coughremedy #holistichealth #pharmacist #coldandfluseason","The taste is horrible (16 likes) | The truth is that it helps a lot with colds, bronchitis, and most of all coughs (53 likes) | It does work. I swear it helped my cough!!!! (2 likes) | Trying this ASAP for my husband (0 likes)",No,"PharmD credential. Remedy has partial evidence basis  honey is WHO-recognized as a cough suppressant, ginger is anti-inflammatory. Responsible framing (""only when sick,"" ""twice daily max""). Profile includes anti-scam content. Minor concern: ""natural Mucinex"" analogy is an overclaim, but core content is grounded."
https://www.tiktok.com/t/ZTkFER5EC/,#garlichoney,@thebalanceroutine,"Garlic honey remedy: allicin fights parasites, candida, SIBO, bad gut bacteria. Raw honey prebiotic, anti-inflammatory. Claims: flatten bloating, stabilize blood sugar, repair gut lining, fire up fat-burning. Big pharma won't tell you this. #garlichoney #guthealthremedy #koreanmedicine #realfoodreset",How do I eat it tho? (11 likes) | now give me a remedy for clogged and irritated sinuses please! (592 likes) | every time I ate garlic it gave me a massive migraine/headache (26 likes) | Why is the honey so watery (36 likes),Yes,"Big pharma won't tell you this  fear-based anti-establishment framing. Claims garlic honey treats SIBO, parasites, and candida  medical condition claims without credentials. ""Cert. Health Coach"" is not a licensed credential. Some allicin research exists but specific claims (SIBO treatment, fat-burning) go well beyond the evidence."
https://www.tiktok.com/t/ZTkFELF3P/,#hairlosssolutions,@thewellnesspharm,"Nettle tea is one of my favorite beauty hacks. Rich in minerals, supports your cycle, used for centuries for hair, skin, nail health. Iron deficient  use with iron supplement. #hairlosssolutions #nettleteabenefits #herbalremedies","Don't drink it at nighttime or you'll be up all night. It's also natures red bull. (2,329 likes) | Nettle tea tastes so bad sorry (200 likes) | Please be careful with nettle, since it used to help blood coagulation, and if one is prone to thromb formation there may be trouble (164 likes)",Yes,"Same creator as post #82 (pharmacist). This post crosses into scam territory: ""THIS ANCIENT TEA HELPS"" for hair thinning is a direct efficacy claim with very limited clinical evidence for nettle tea. ""Recommend to all women as a pharmacist"" without individual assessment is outside normal professional scope. Top comment (164 likes) warns about blood coagulation risk  creator doesn't address it. Contrast with the responsible framing in post #82."
https://www.tiktok.com/t/ZTkFEadG8/,#pcos,@freddie.1111,"Benefits of turmeric for women: menstrual health, hormonal balance, bone health. Disclaimer included: ""not a substitute for medical advice, consult healthcare professional."" #pcos #menopausesupport #supplementsforwomen #turmericbenefits #bestturmericsupplement #vital500supplements #holistichealth","Do you know if it's true that turmeric lowers iron? (10 likes) | Toomayric?? Tur ma rik (13 likes) | made me a ginger, turmeric, lemon, lime, pineapple & green tea smoothie (33 likes)",Yes,"Promotional content label visible  paid promo for @vital500. #bestturmericsupplement = direct product push. ""Certified Nutrition Coach"" is not a licensed credential. Bio identifies as a business account for Vital500. Profile contains liver detox pseudoscience content. Good disclaimer present but undermined by the paid promo nature."
https://www.tiktok.com/t/ZTkFENecY/,#castoroil,@tabrestored_,"As a holistic practitioner whose body healed from multiple chronic illnesses, castor oil pack is an ancient remedy I swear by. Quality matters  which is why I created my own brand @BeautifullyBalancedWellness. BOGO sale this week only.",Love this  (0 likes) | Oooo I love this so much! Also where did you get your pants?! (0 likes),Yes,"Holistic practitioner is not a licensed credential. Claims castor oil ""goes deep into the cells to help support detox""  pseudoscientific. Sells own brand product (conflict of interest). Profile contains dangerous medical misinformation: posts claiming 98% of breast cancer patients had root canal-treated teeth, a discredited claim from a fringe source. No credentials, no disclaimers."
https://www.tiktok.com/t/ZTkFEPXyD/,#cleannutra,@lamienab,"When you tell your doctor you got a natural way to lower your A1C, #cleannutra #cleannutranewarrivals","My Dad did it with simply diet and exercise and when he went back to the doctor, they acted like they were mad at him for lowering it without their medicine (18 likes) | how much are we supposed to take (0 likes) | I'm going to order this product today for my A1C (3 likes)",Yes,"Doctors don't want you to know this!!! framing. Claims supplement lowers A1C  a serious medical claim targeting diabetic patients. TikTok Shop affiliate (""LOW STOCK"" urgency). Comments show people buying this to manage actual A1C levels. Dangerous for a diabetic population that may reduce or delay actual medical care. No credentials, no disclaimers."
https://www.tiktok.com/t/ZTkFEuvmQ/,#health,@ravmalik,Your doctor won't tell you about this! #health #fyp #fatloss #weightloss #cravings #hormones,"Sounds like your speaking to me directly. Part 2 please (3,094 likes) | I'm 2 weeks in... No wheat, rice, bread, gluten. What am I eating? Protein, veggies, healthy fats. I feel better. (1,275 likes) | Everyone on my fyp is talking about insulin imbalance but no one is telling how to fix it (969 likes) | Longest sales pitch in the world (338 likes)",Yes,"Your doctor won't tell you about this! + ""Teaching you to correct not inject""  explicit anti-medicine messaging targeting people who may need insulin. 3.1M followers amplifying at scale. Sells paid health system via DM funnel. Top comment (338 likes) identifies it as a sales pitch. One of the highest-risk posts in the dataset given the diabetic audience."
https://www.tiktok.com/t/ZTkFEhCv4/,#homeremedies,@karl_the_creator,They don't want you to know  #homeremedies #hollisticwellness #homeremedy #tiktokmademebuyit,"What about boldness  (1 like) | the sun, exercise, diet, rest friends self respect (2 likes) | Will it cure my bowel stricture and obstructions (0 likes)",Yes,"THE DOCTORS DONT WANT YOU TO KNOW THIS  strongest anti-establishment phrase in the dataset. TikTok Shop affiliate. Explicit UGC-for-hire creator (""Karl.ugc@outlook.com,"" ""UGC examples"" playlist). General lifestyle product reviewer with no health background making health claims. Commenter asking if product can cure bowel strictures gets no correction."
https://www.tiktok.com/t/ZTkFEBfKD/,#digestiveenzymes,@kendra_schultz,Being able to eat and not worry what my plans are the rest of the day is so worth it!! #digestiveenzymes #healthtip #bloating,When do u take the supplement!? (2 likes) | I thought you said your transformation wasn't from digestive enzymes (16 likes) | Thinking about trying these! Glad to see somebody with real results! (1 like) | Are there any scary side effects to this? (1 like),Yes,"Before/after bloating photo. Key comment (16 likes): ""I thought you said your transformation wasn't from digestive enzymes""  community catching a story inconsistency. NASM CPT is a fitness credential, not GI/nutrition. ""Certified Nutrition Coach"" is not a licensed credential. Directs to specific supplement search without explicit disclosure."
https://www.tiktok.com/t/ZTkFEaTt8/,#digestiveenzymes,@simpliesymone,These are the cheat code nobody ever told you about for weight loss! I don't skip a day of these!! #digestiveenzymes #digestivehealth #prebiotics #probiotics #guthealth,Wait what? Just be taking digestive enzymes? (3 likes) | So you just take one a day for two weeks your tummy goes in but does this also help for c section mamas (41 likes) | I ain't went to the bathroom in 5 days. Took one and went 3 hours later! Now let's hope I lose some belly with these,Yes,"2 week difference with 1 pill!!!!  extreme timeline claim. Digestive enzymes do not cause weight loss. TikTok Shop affiliate, bio self-identifies as ""TTS Affiliate ."" Comments include C-section recovery patients seeking medical guidance. Same digestive enzyme weight loss template as post #90."
https://www.tiktok.com/t/ZP8bnQkyR/,#cortisolimbalance,@hannnahhmc,"Do you NEED supplements to balance cortisol? No you dont, but it sure helps. Do you need running shoes to run a marathon? No, but it sure helps. I have a 25% off code loaded for you in the  #cortisolimbalance #holistichealing #hormonehealth","genngraves: Do you have recommendations for the supplements you've used? (13 likes) | Mikayla Corbett: I also believe that I am coming off high cortisol. I feel nauseas a lot, previous panic attacks, anxiety, fears etc. where do I start?? (8 likes) | Dustin Hadrava: Super greens are so worth looking into  (1 like)",Yes,Wellness/homeschool creator with no health credentials. Promotes cortisol supplements with a 25% affiliate discount code. Unsubstantiated claim that supplements help cortisol and weight loss. TikTok Showcase present. Classic affiliate + health claim formula.
https://www.tiktok.com/t/ZP8bn5NXb/,#cortisolweightloss,@tiacatalina,"Part 1 | Replying to @theushasthat im always gonna put y'all on, promise  5 ways to lower your cortisol level coming right up! #cortisollevels #cortisol #cortisolbelly #cortisolimbalance #cortisolcontrol #weightloss #acnetreatment #wellness #wellnesstips","adrienne agana: i did my thesis on the importance of the circadian rhythm for our hormones!! thank you so much for adding morning walks and especially BLUE LIGHT!! (188 likes) | Mylittlefarm: I never understand the ""sunlight in the morning"" like I live Ireland we see the sun like 5 times a year  (378 likes) | Tia (Creator): no sun? No problem! Sun lamp is literally the best thing to happen to me when in london and boston winters. 10000/10 fr. (reply)",No,"No credentials, but the actual content is lifestyle tips only: morning walks, sunlight exposure, reducing blue light  no product sold, no affiliate links. Comment section includes a viewer who wrote a thesis on circadian rhythms validating the tips. Informational and not selling anything."
https://www.tiktok.com/t/ZP8bn5NXb/,#cortisolweightloss,@josee.soleil,"When all the things you think will work, stop working... #cortisol #adrenalfatigue #intermittentfasting #last10pounds #postpartumbody","Makayla: Magnesium glycinate  I've done all those things for ever but once I started taking that supplement I started losing weight RAPIDLY. Like a week in I started noticing it. (552 likes) | Niki: Intermittent fasting is the only thing that helped me lose weight. I dropped 10 lbs in 1.5 months! (63 likes) | Kevin: What exactly is a ""degree in science""? (45 likes)",Yes,"Lost 15 pounds of cortisol  cortisol is a hormone, not a weight category. Uses #adrenalfatigue, a term not recognized as a clinical diagnosis. Creator implies a ""degree in science"" but a commenter directly questions what that means. Stan.store subscription. Top comment promotes rapid weight loss from magnesium glycinate and creator doesn't correct it."
https://www.tiktok.com/t/ZP8bnm1od/,#cortisolweightloss,@waldorfwellness1,in bio for Happy Hormone Pack #cortisol #bellyfat #cortisolcontrol #hormone #hormoneimbalance #perimenopausehealth #menopause #menopausesupport,WhiskeyBent: Holly smokes!!! $191.00 for a month! I need to do more research on this. (27 likes) | JAS: you know its expensive if it takes sooo long to get to the point.  (107 likes) | Lovesherald: info is halfway into the video (8 likes),Yes,"Sells own branded ""Happy Hormone Pack"" for $191/month, claiming it lowers cortisol and burns belly fat. No credentials (bio: ""Hormone Help & Weight Loss""). Comments note the information is buried deep in the video to force viewers toward the product link. Own-brand supplement + unsubstantiated health claim pattern."
https://www.tiktok.com/t/ZP8bnuSjg/,#cortisolweightloss,@project.s.lifestyle,"How to know if you have ""cortisol belly"" and how to fix it  Head to the  in my profile for personalized help #greenscreenvideo #greenscreen #cortisolbelly #highcortisol #highcortisolhelp #weightlosstips #weightlosscoach",Ashley_BWWR: Can a hysterectomy have anything to do with cortisol belly? (4 likes) | Katina: What if i dont even feel stressed  (44 likes) | user7631426760061: Do you recommend a supplement as well? (4 likes),Yes,"Cortisol belly is a pseudoscientific concept with no clinical definition. Self-titled ""Weight Loss Coach""  not a licensed credential. Funnels to paid personalized coaching. A commenter asks whether a hysterectomy could cause cortisol belly, treating this as medical advice. 557K followers."
https://www.tiktok.com/t/ZP8bn5Sad/,#cortisolface,@mandanazarghami,Part 2 | 3 holistic hacks to get rid of that cortisol face  #wellness #cortisol #cortisolface #insulin #insulinresistance #weightloss #weightmanagement #health #greentea #applecidervinegar #celeryjuice #holistic #holistichealth,Sofia Luu: does it have to be warm water or does it work with cold or room temperature water too? (4 likes) | Chantelle: Green tea first thing of a morning makes me nauseous (96 likes) | 1Lizvet: Can you drink the acv water same day as drinking green tea? (41 likes),Yes,"Cortisol face has no clinical basis. Claims green tea, ACV, and celery juice will eliminate it  no evidence. Miami lifestyle creator managed by a talent agency (thedigitaldept.com). TikTok Showcase present. 467.9K followers. Comments show viewers taking the claims at face value and asking about exact protocols (water temperature, which drinks to combine)."
https://www.tiktok.com/t/ZP8bn9BTs/,#lymphaticdrainage,@tlynanxio,"Facial dry brushing and gua sha have been my go-to for a quick, natural glow. They help with lymphatic drainage, reduce puffiness, and give your jawline that snatched, sculpted look without any irritation. #lymphaticdrainage #drybrushing #guasha #antiaging #tiktokshopcreatorpicks",Donatella: Oh u sold the hell out of this (90.8K likes) | Tallulah: Gua sha is much better. Theres a reason they've been around for centuries. (844 likes) | Kelly: I just don't understand why a brush would be more sanitized then a guasha? (770 likes),Yes,"Explicit UGC-for-hire creator (ugc email in bio, ""TTS Bestie"" identity). TikTok Shop affiliate for a Lymphatic Drainage Dry Brush. Claims the brush provides lymphatic drainage and sculpts the jawline  unsubstantiated. Top comment with 90.8K likes says ""Oh u sold the hell out of this""  the audience itself is naming the sales tactic."
https://www.tiktok.com/t/ZP8bnCmU8/,#lymphaticdrainage,@nikkicocobeauty,lymphatic drainage is my number one glow up tool we should all be using,Chantelle CMA: Does this actually work? I've tried things on here that don't  (272 likes) | harlemdiva425: UHMMMM ALL YOU NEED IS A GUA SHA NOT ANOTHER SUPPLEMENT TO CONSUME!!! (49 likes) | Maddie: Ok but does this actually work (8 likes),Yes,"Selling ingestible ""Org Lymphatic Support Herbal"" supplement drops via TikTok Shop (186K sold). Claims oral drops provide lymphatic drainage. No credentials. Comment section is notably skeptical  top commenter explicitly questions why you'd take a supplement instead of just using a gua sha. Profile shows a pattern of lymphatic drop promotion."
https://www.tiktok.com/t/ZP8bnPfm9/,#lymphaticdrainage,@charnettebyoga,"I'm gonna say it...Most people use lymphatic drainage tools wrong. Once I learned the right way my body stopped holding water. Perfect for debloating, sculpting waist, cellulite, recovery and muscle relief #lymphaticdrainage #lymphaticmassage #bodysculpting #waterretention #debloat","Narcissus: My Cart is $9,356  (849 likes) | RootLabs: Lymphatic drainage discourse is the wellness hill everyone dies on and nobody does correctly (1 like) | I Am Skyla Star: How long you used it and how many days a week",Yes,"Yoga teacher making physiological claims outside her scope: device stops body from holding water, sculpts waist, reduces cellulite. TikTok Shop affiliate for FEEJOY Handheld Body Massager. Top comment (849 likes) jokes about a $9,356 cart total  reflects the impulsive buying these posts drive. A separate commenter notes that lymphatic drainage is widely misunderstood and misapplied on TikTok."
https://www.tiktok.com/t/ZTks4dx4b/,#cortisolbelly,@miaadorabeauty,Part 5 | 7 Ways to Lose Cortisol Belly Fat - by mom x4,nikkileo13: Ok what's the 7 things to do to rid the hormone belly fat (52 likes) | katrinachillas726: how much? (6 likes) | Kristin Vensel: Where is your fabulous skirt from please (44 likes),Yes,"Claims 'Retired Internal Med RN, Certified Hormone Coach' — neither verified in bio. Promotes FemEnergy Academy paid program via link in bio. DM-gating ('DM me: STACK') and subscription upsell. Pseudoscience framing: 'stubborn belly fat you got hormone issues.' No clinical evidence cited. Classic credential-washing + coaching funnel. 265.6K followers, 1.6M likes."
https://www.tiktok.com/t/ZTks4NToa/,#highcortisoltips,@hormone.health.care,3 supplements to rebalance cortisol and lose belly fat,Jackie Smith Sablows: What are the supplements? (38 likes) | Bethsy: What are the 3 supplements?! (20 likes) | Rachel Escobar: Feel better (1 like),Yes,No credentials. Bio says only 'Cortisol Balance + Hormone Health.' Withholds supplement names to drive comment engagement (comment-drop funnel: 'Drop HORMONE & I'll send you...'). Symptom-checklist posts designed to create health anxiety and push followers to link in bio (msha.ke/hormoneglowup). No clinical sourcing. 303.8K followers.
https://www.tiktok.com/t/ZTks4YgFU/,#hormonebalance,@aminathepharmacist,How to get rid of a HORMONAL BELLY — I lost 20kg (44lbs) within one year of giving birth... all I honestly did was take my @thepharmacistbeauty Hormone Balance supplements. Back in stock next week! Link in bio to sign up to the wait list.,"Rajvinder Kaur Pradh: Heard it all now ""hormonal belly"" (100 likes) | efaa: mine is alcohol belly but i never drinking alcohol (404 likes) | k@li: i have a alcohol belly apparently but i dont really drink (0 likes)",Yes,"Pharmacist credential used to legitimize own supplement brand (@thepharmacistbeauty). Direct conflict of interest. Personal testimonial ('all I did was take my supplements') presented as medical evidence. Artificial scarcity tactic ('sell out within a few hours'). Waitlist funnel via link in bio. TikTok verified. 278K followers, 7.7M likes."
https://www.tiktok.com/t/ZTks4Y2Ns/,#supplementsforcortisol,@thewellnesspharm,"HORMONE BALANCE IS IN! Science backed supplements that lower chronic, high cortisol — told by a pharmacist. How you can control your cortisol levels with supplements.","krish.mish: Magnesium glycinate is amazing!! slept like a baby for the first time in YEARS!! (1,282 likes) | milenabini_: I drink nello super calm every night... It definitely works (360 likes) | Tabmart68: Magnesium Glycinate gives me anxiety and no sleep... it had the opposite effect on me (289 likes)",Yes,"'Your Holistic Pharmacist' framing blurs licensed credential with wellness influencing. Stan.store + TikTok Showcase + Subscription = multi-stream revenue from health content. 'Science backed' claim with no citations. 304.1K followers, 5.1M likes. Comment section shows contradictory user outcomes (1,282 likes for positive vs 289 for adverse effect), undermining one-size-fits-all framing."
https://www.tiktok.com/t/ZTksXKHNT/,#guthealth,@drsarubala,"4 things to try if you're constantly bloated — replying to @nkdot44 ""I look 6 months after a damn cup of coffee""","momma boss: What do you mean by ""bitters""? (10 likes) | CB: bitters were so hard for me to take! (6 likes) | Liz Markey: Bitters made me feel worse. Felt more acid and nausea (1 like)",No,"ND (Naturopathic Doctor), disclosed in bio. Recommends bitters for bloating, a plausible herbal remedy. Responds helpfully to adverse comments (suggests alternatives). No product link in this video. Monetization exists but not activated here. Credential is real but non-MD scope."
https://www.tiktok.com/t/ZTks4LCXP/,#cortisolbelly,@theworkoutwitch,"cortisol belly explained — lose weight in your stomach by lowering your cortisol, release stress & stored trauma in 30 days (link on profile)","Belè: How would one release cortisol (53 likes) | Ana Michelle: That's me no matter how healthy I eat and working out (28 likes) | Rudecunt69: Okay, how do you release cortisol? (8 likes)",Yes,"No credentials. Claims cortisol belly can be reduced by 'releasing stored trauma in 30 days.' Pseudoscientific somatic framing. Bio claims '240,000 students // 99% success rate' with no verification. Funnels to paid program. 2.3M followers, 40.6M likes. Comment section shows audience confused about the mechanism, suggesting content creates anxiety without actionable guidance."
https://www.tiktok.com/t/ZTks4MUfP/,#cortisolbellygone,@miaadorabeauty,Melt Belly Weight from Cortisol For Good! By mom x4 — (Nervous System Healing),"Violeta: I have experienced these types of patterns my entire life, and my cortisol levels are high (5 likes) | Emmy Chavez De Moreno: my body and the mess in my environment and my broken marriage, my health are all a reflection of the mess inside of me (1 like) | Effie.asante: Loving this (1 like)",Yes,"Second entry from @miaadorabeauty. Adds nervous system + manifestation framing to weight loss. Hashtags include #manifestweightloss, #lawofassumption, #feminineenergy. Comments show audience internalizing body shame ('my broken marriage and health are a reflection of the mess inside of me'). Same FemEnergy Academy funnel as first entry."
https://www.tiktok.com/t/ZTks4MrVD/,#menopausebellyfat,@taniadee,5 breakfast foods to add to your program to help reduce cortisol!,Yve Vander: Are eggs really wise with the cholesterol? Mine is slightly high and I'm struggling with eggs (1 like) | leash0918: I wish so badly that I liked chia seeds and avocado... It's unfortunate because they're so beneficial (7 likes) | Krys: I have insulin resistance do you have any foods that can help with this (0 likes),Yes,Self-titled 'Menopause Fat Loss Coach.' No clinical credential. Responds to a cholesterol concern ('Eggs are healthy if pasture raised!!') without disclaimer or doctor referral. Ignores insulin resistance question in comments. Subscription + Series monetization. Hashtags include #menopausesupplements.
https://www.tiktok.com/t/ZTks4LjeT/,#cortisol,@graceful.wellness,Why fat accumulates around your stomach and is so hard to lose when you're stressed,Autumn_ss: I think it's so interesting the impact stress and emotion/mental loads impact our bodies! I tend to drop weight when stressed though completely unintentionally (121 likes) | Erin: This was so easy to understand! Slayed (178 likes) | user8341970805330: How can I stabilize my cortisol high in the am (0 likes),No,"Self-described 'Holistic Nutritionist.' No licensed dietitian credential. This video explains cortisol-belly fat mechanism without pushing a product. Creator responds conversationally, engages with a challenging comment. Monetization present elsewhere but not activated here."
https://www.tiktok.com/t/ZTks4MkFT/,#naturopathicdoctor,@drbisleen,3 of the Best Ways to Lower Cortisol in Women — activates the vagus nerve,"Dr. Bisleen Attli, ND (Creator): ***For the last tip I forgot to say ""DON'T"" before it aha 😂 | kalkidan: 🥰🥰🥰 (first comment)",No,ND + CBT-Certified. Most robust credential set in non-scam tier. Bio transparent: '1000+ patients supported.' Focuses on vagus nerve/nervous system regulation. Self-corrects error in comments immediately. No supplement push. Links to professional practice site (drbisleenattli.com). 48.6K followers.
https://www.tiktok.com/t/ZTks4rJEN/,#highcortisol,@xo_re.t.ii,"Stress belly is literally the worst 😩 — ""Let me be the one to tell you this, you didn't gain weight that's just your cortisol belly showing up""",Jennifer: It's so annoying (4 likes) | Sazzywengz: Girllll where have you been I have missed watching your content (5 likes) | Maelle: The girls are sitting 😍 (1 like),Yes,"No credentials. Bio: 'Romanticizing everyday luxury.' Cortisol belly used as body-image reassurance ('you didn't gain weight'). Discourages consulting a doctor. Showcase + Subscription monetization. 47.4K followers, 1.7M likes."
https://www.tiktok.com/t/ZTks4BYBb/,#pcos,@pcos.weight.loss,"PCOS Glowup Series: My 5 top tips to lower cortisol with PCOS! Let me know in the comments if you struggle with cortisol symptoms like moon face, weight gain and chronic fatigue.",K: Uggh i love how all the pcos girlies are coming together to help each other 🥺🥰 (69 likes) | KWhitten86: Night time routine please! (16 likes) | K: Taking notes I need to ace this test (13 likes),Yes,"Claims 'PCOS Dietitian + Fellow Cyster' — dietitian credential unverified in bio. Promotes 'The PCOS Weight Loss Method' paid program. '1-2 lbs per week' claim without citation. Parasocial community framing ('PCOS girlies coming together') increases vulnerability. Targets women with a real medical condition. 1.3M followers, 25M likes."
https://www.tiktok.com/t/ZTks4fwBh/,#GlowUp,@ashleywarady,How to get rid of the bloat quick. I lost 10lbs in 10 days.,"noella: I lost 11 pounds in 5 days yall 😭 just from not drinking soda no more and drinking a gallon of water a day... It's crazy how fast it happened (2,576 likes) | Beth: If I drink 4 bottles of water over 3-4 days and limit salt I'll lose 6 lbs. our body's hold soooo much fluid (2,516 likes) | Boo: Legit stuck at 135 and want to be at 125 so badly (24 likes)",Yes,"No credentials. Bio links to Maxim Covergirl vote page. '10lbs in 10 days' claim likely water weight, presented as replicable method. Comments amplify harm: users report rapid loss from extreme restriction and share specific goal weights. Showcase monetization. Disordered eating concern."
https://www.tiktok.com/t/ZTks4bXNA/,#weightlosscoach,@project.s.lifestyle,The FASTEST way to lose 30 pounds — I help women lose weight without cutting out their favorite foods. Head to the link in my profile for personalized online coaching.,"Princess_M03: i wanna lose 30 pounds I weigh 162 right now (5,916 likes) | madelyn: i'm just trying to lose 8-10 pounds and keep it off long term 😭 (2,215 likes) | ROSE: there's no way I'm going to be able to drink 100+ Oz a day 😭 (984 likes) | BoujeeNegress: I'm 200lbs so I need to drink 100oz a day? (831 likes)",Yes,"Self-titled 'Weight Loss Coach.' No credential. 'FASTEST way to lose 30 pounds' with no timeline basis. Paid coaching funnel (linktr.ee/project.s.lifestyle). 562.7K followers, 7.2M likes. Comments show users sharing current weights publicly (162 lbs, 200 lbs) and distress about water targets. 175.4K likes, 1,056 comments on this video."
https://www.tiktok.com/t/ZTks4PuGr/,#weightlosschallengs,@project.s.lifestyle,20 tips to lose 20 lbs FAST — Rapid Fire Edition. Want to lose 20-50 lbs? Apply for coaching in my bio.,"Molly: I haven't lost weight on the scale, but I definitely look slimmer and skinnier... I even started taking more vitamins (948 likes) | underripe blackberry: Rome wasn't built in a dayyyy (923 likes) | Kirsten Eliza: Yes 20 pounds is all I want to lose (659 likes)",Yes,Second entry from @project.s.lifestyle. '20 tips to lose 20 lbs FAST' with direct coaching pitch in caption. 'QUICK DISCLAIMER' in video does not neutralize the rapid loss title claim. 33.2K likes. Reinforces prior entry's pattern.
https://www.tiktok.com/t/ZTks4g6oH/,#gymgirls,@dontworryaboutmeever,"Part 5 | Gym Girl Guide — ""As someone who has lost over 30 pounds before, this is exactly the top three things that I would do.""","ellielovestheks: I am not okay with it taking a long time (3,551 likes) | 3lloelle: i just need someone to break my heart again (1,001 likes) | Feeeeee: It's take me two months to almost lose 10lbs. Super frustrating at times but still know it's better than being 10lbs heavier (0 likes)",No,No credentials. Bio: 'Gym Brat.' Gives general gym tips based on personal experience ('as someone who has lost 30 pounds'). Not prescriptive. No supplement push or paid funnel activated in this video. Personal narrative framing.
https://www.tiktok.com/t/ZTks491Ef/,#Fitness,@emanliftss,3 tips that helped me lose weight quickly — I lost over 85 pounds on my weight loss journey. Lets lock in before summer is here.,Stan.: Let's say someone weigh 800lbs. They gotta eat 800lbs of protein? Jesus (641 likes) | J: chat how am I supposed to eat 315 grams of protein a day while staying under 1900 calories (10 likes) | Bobby: How do i eat 300 grams of protein lol (31 likes),Yes,No credentials. Bio promotes @ehplabs affiliate code + 1:1 coaching link. Dual monetization. Personal 85lb testimonial used as authority. Top comment (641 likes) mocks 1g/lb protein rule. Users struggling to reconcile 315g protein with 1900 calorie limit. Advice is being followed in potentially harmful ways without safety context.
https://www.tiktok.com/t/ZTks4SbY6/,#weightloss,@em.sheldon,"how to lose the weight quickly & SO easily — it truly all starts in your mind queens!! choose to think, act & FEEL like yo...","эКатя: Dude, I went on a diet, drank more water & did multiple daily workouts. I GAINED weight (873 likes) | Sahar_D_khan: but it takes so long 😭 why not happen over night 😂 (520 likes) | Sol: I used to get so caught up in what I wanted to achieve, but now I'm more focused on the journey... (462 likes)",Yes,"'Lose weight quickly & SO easily' combined with manifestation framing ('it all starts in your mind'). Pure lifestyle influencer, no credentials. TikTok algorithm routing to manifestation content ('subliminal method for manifesting'). Profile includes 'skinny girl' content. 8M views on this video. Talent agency represented (grail-talent.com). Top comment (873 likes) debunks the premise from personal experience."
https://www.tiktok.com/t/ZP8peCTjm/,#intuitiveeating,@dietfreedom,Intuitive eating sounds like this — intuitively eating my packed lunch,"Sandra: I would eat my lunch and McDonalds 😭 (6,004 likes) | Lmfield: My coworkers who say no I'm on a diet or I can't have fries... I want to just hug them and say they can heal from this thinking like I have (3,729 likes) | reducedmilk: where are your earrings from omggg (186 likes)",No,"ED Therapist & Intuitive Eating Coach. Licensed therapist, disclosed in bio. Links to client therapy portal (findyourfreedom.clientsecure.me). Content normalizes flexible eating. Comments show genuine healing responses. No product push, no scam signals."
https://www.tiktok.com/t/ZP8pegAhV/,#intuitiveeating,@lastairbender222,"How to intuitively eat — intuitive eating actually saved me from myself 🙏. Three years ago, I could not buy a bag of chips in my house.",Eliza: The way I needed to hear this today because my brain is always fighting with me (569 likes) | Amyshandel: girl can we be friends lol I live in oc and we are so similar (217 likes) | bayleesorrells: specifically chips - do not belong in my house (27 likes),No,"No credential. Content is personal recovery narrative ('intuitive eating saved me from myself'). Experiential framing, not prescriptive. No product sold in this video despite supplement affiliate codes in bio. Comment section shows empathetic food-relationship engagement."
https://www.tiktok.com/t/ZP8pebGMT/,#antidiet,@wholesomechicknutrition,The problem with 1200 calorie diets — from an anti-diet dietitian. 1200 calories is not enough. Period.,"user294737376: I'm not upping it if I'm gonna gain weight 😳 (261 likes) | haven: I'm 4'11 and sedentary so my maintenance calories are around 1300, so I don't know really what to do to lose more weight (34 likes) | Book toker: My sis is 12 and has about 600-750 calories a day... should I be worried???? (9 likes)",No,"Registered Dietitian (RD), federally protected title. Anti-diet, evidence-based content. Explicitly declines to give personalized advice in comments ('against our code of ethics'). 1:1 coaching through a professional practice site. 324.7K followers, 4.7M likes."
https://www.tiktok.com/t/ZP8pe9SMe/,#intuitiveeating,@fueledbyfitnesss,"How I switched to intuitive eating — to intuitively eating in my transition. Take baby steps, trust the process and be patient w yourself.",Cameryn: It's also hard to decipher between real hunger cues vs cravings for things you previously wouldn't let yourself have (65 likes) | alyssa: my fitness pal was so negative for me it made my ed so much worse and if i didn't track it i would literally break down (120 likes) | Old acct: HALEY! What's the longest break you've taken from lifting I need to take a break but I'm overthinking everything (3 likes),No,"No clinical credential. Personal narrative about transitioning to intuitive eating. Experiential framing ('how I switched'), encourages patience. Comments show genuine disordered eating processing. No product push in this video. DFYNE affiliate in bio but not activated here."
https://www.tiktok.com/t/ZP8pe9SpE/,#fatlosstips,@alexanoban,How I lost fat while eating intuitively — I had a life changing realization when I was on Amazon Live last night.,thisisntsalma: You don't even understand how much you've helped me in intuitive eating!! You break down the concepts so well!! (22 likes) | user: this was my sign to stop tracking i have been in such a slump lately (135 likes) | mima.stewart: Ive come to this realisation too because its crazy that I used to weigh out vegetables to calorie count them!!! (49 likes),No,"Self-described 'concierge wellness coach.' No licensed credential. Content is personal experience with intuitive eating, no medical claims. Brand deal disclosure visible (Amazon Live). Comment section shows positive behavioral shifts. No supplement push or rapid weight loss claims."
https://www.tiktok.com/t/ZP8peT76B/,#intuitiveeating,@eliseseats,"Elise's guide to eating intuitively — honoring your hunger. i am not a professional at all & am still learning, but these are just some things i have learned in my journey. a lot of the principals come from the book 'intuitive eating' linked in my amazon bio.",Nik: NORMALIZE EMOTIONAL HUNGER! You are not BAD. It is HUMAN. Let's all give ourselves grace (97 likes) | Pepper15: too often people equate intuitive eating with hunger/fullness but its so much more (26 likes) | Vicky Conroy: Big planner over here... no one wants me hangry (16 likes),No,"TikTok verified. Explicitly disclaims in caption 'i am not a professional at all & am still learning.' Cites published book (Intuitive Eating by Tribole & Resch) as source. No product pitch, no health claims, no supplement funnel. 468.7K followers, 51.6M likes. Responsible framing despite large following."
https://www.tiktok.com/t/ZP8pe9pYp/,#dietitiansoftiktok,@chris.irish.rd,Reminders from a slightly angry dietitian — No you dont need to drink raw milk.,"Mollsballs: thank you. i get so angry with the raw milk drinkers (6,851 likes) | hexxedbambi: Eating until you're full ISNT overeating. I have to keep reminding myself that (1,214 likes) | lilyffitness: I need more people to hear that every food is a chemical. Even water is a chemical (984 likes)",No,MS RD. Strongest clinical credential in dataset. Bio explicitly states 'I take insurance.' Directly debunks health misinformation. Comment section counters misinformation alongside creator. No supplement affiliate or paid program. Debunker content co-opted by supplement marketer in comments (62 likes).
https://www.tiktok.com/t/ZP8peVoHR/,#nondietdietitian,@thenutritiontea,Math meme but make it wellness — wellness culture math is putting lemon in alkaline water.,"Over the Top Productions: Like putting butter in coffee but not on vegetables (2,262 likes) | Chelsea Alyse: Another one: worried so much about ""toxins"" then turn around and gets Botox! Makes no sense (790 likes) | RxBex21: So tired of the people drinking copious amounts of alcohol shaming me for having a coke once in a while (245 likes)",No,"MS, RDN, CDN. Published author ('Live Nourished'). Content mocks pseudoscience framing used by scam creators (alkaline water, lemon detox). Comment section functions as collective debunking space. No supplement affiliate. Has 'Healthism' playlist signaling structural critique of wellness industry."
https://www.tiktok.com/t/ZP8pegQ3s/,#antidietculture,@helloamandaleigh,anti-almond mom — how i am teaching my kids food freedom! Here's everything that I'm doing as a mother.,"Briggy Boo: Restrictions on food and comments on my body only lead to the exact opposite of what they thought they were accomplishing (637 likes) | Anne the PA: As a primary care provider and mom, I love this! (662 likes) | laurenbartlow: I've never heard of almond mom and I was waiting the whole video for you to say why almonds are bad (765 likes)",No,"No health credential. Finance/mom creator. Anti-diet-culture and pro-food-freedom framing for children. No health claims, no supplement push, no paid coaching in this video. Primary care provider (Anne the PA) endorses in comments. #fatliberation and #foodneutrality hashtags."
https://www.tiktok.com/t/ZP8pepVrd/,#debunk,@drcharlesmd1,"Do not trust collagen supplements — don't trust collagen, so many of these supplements (and topicals) are a waste of your money! Up next: debunking topical collagen, ""strong"" vitamin C, and hair thickening shampoos.","nyxnuit: 1. make sure it's hydrolyzed 2. make sure it's 2.5g of hydrolyzed collagen (1,674 likes) | LAi~CuRLy Tops: Pure Form Collagen has 100% hydrolyzed bovine collagen peptides (62 likes) | baileyelizabeth98: I actually have seen a huge improvement in skin mainly in the hallows of my temples from vital protein collagen (0 likes)",No,"MD, Dermatologist. Harvard+Duke trained. TikTok verified. Bio states 'This is NOT medical advice.' Directly debunks collagen, vitamin C, and hair thickening supplement claims. 1.8M followers, 25.4M likes. Comment section shows supplement marketer promoting competing brand (62 likes), showing debunker content can still be co-opted."
https://www.tiktok.com/t/ZP8peV48x/,#supplementscams,@berootedin,The biggest magnesium scam that I see regularly — It's preventing you from getting the right amount of magnesium to make a difference in your life.,"Juan: The second label is really confusing, it says magnesium glycinate twice 😕 (275 likes) | Ajhar Miah: The brand shown in the video is called double wood supplements isnt it? (14 likes) | Marjorie Cruz: oh no I'm pretty sure that's the brand I have been taking (0 likes)",Yes,"No credential. Bio: 'Magnesium & Wellness Fanatic.' Classic scam-debunker hybrid: uses 'supplement scam' framing to discredit competitors while steering toward preferred brands. Comments reveal specific brand shown in video (Double Wood Supplements). msha.ke link aggregator + Showcase monetization. 266.7K followers, 2M likes. 1,604 comments."
https://www.tiktok.com/t/ZP8pecSBP/,#supplementscams,@lexi_smock1,Part 2 | Supplement SCAMS! Don't waste your hard earned money! While I'm taking my supplements.,"Theresa Meadows: Please do one on the supplements for hair growth!! Nutrafol, Mary Ruth's. Etc (141 likes) | DocB: What about Mary Ruth or Goli? (19 likes) | ksamuel83: what are your thoughts on beef organ supplement? (16 likes)",Yes,"No credential. 'Supplement Scams 101' multi-part series while bio has Legion Athletics affiliate link. Caption says 'while I'm taking my supplements.' Audience treats her as purchasing authority, asking to evaluate specific brands (Mary Ruth, Goli, Nutrafol, 1st Phorm). 91.4K followers. 'Supplement Scams' playlist at 1M views. Same fake consumer advocacy pattern as @berootedin."
https://www.tiktok.com/t/ZP8pecDnY/,#vitamins,@healthillie,List of supplements I take daily — as a holistic health coach. Here's a list of supplements that I personally take. All my favorites in one place @Live Healthillie.,aimeelynn444: I got magnesium glycinate but I can't decide when to take it! I've heard it can help sleep or really hinder it if taken before bed (10 likes) | Elizabeth: Can you take all these together? Creator reply: I do (1 like) | Adriana: Are these safe for women that are either going through ivf or are pregnant? (0 likes),Yes,"'Holistic health coach.' No credential. Founder of @Live Healthillie supplement brand — direct conflict of interest. Responds 'I do' when asked if all supplements can be taken together, with no safety guidance. Adriana asks about IVF/pregnancy safety, gets no response. Profile includes anti-IVF content steering women away from clinical care. 243.4K followers, 4.8M likes."
https://www.tiktok.com/t/ZP8pe7uVN/,#digestiveenzymes,@carlyhataway,"Part 9 | The supplement I'm buying on Prime Day — no bc this is my favorite supplement on amazon, link in bio @enzymedica. Because this stuff is literally gold.",ambie: tried one of these today literally cured my bloating (9 likes) | Queen Tequila: Never taking this ever again. I've been sick for the past 3 days I can't eat anything and when I do it's bad (3 likes) | ratanakpanha70: Do you take probiotics as well while taking digest gold? Creator reply: I do yes! right now I am taking @Just Thrive !! they serve different purposes but both amazing for gut health! (10 likes),Yes,"'Holistic nutritionist.' Unregulated title. @enzymedica tag signals brand deal. Recommends second brand (@Just Thrive) unprompted in comments. Adverse event unreported: Queen Tequila reports being sick for 3 days after taking the product with no creator response. 73.5K followers, 1.9M likes. Adverse event going unaddressed is a concrete harm signal."
https://www.tiktok.com/t/ZP8pJy7H5/,#highcortisol,@thewellnesspharm,this is extremely effective for stubborn belly fat from high cortisol & not many people are talking about it... #highcortisol #cortisolbell #pharmacist #wellnesstips,Pumpkin seed oil blocks it too (36 likes) | Fermented onions with dill do a better job (12 likes) | Amazing!! Thank you for sharing! (0 likes) | Sooo good with salt and sumac sprinkled on top (48 likes),Yes,"Third post from @thewellnesspharm (pharmacist). ""Extremely effective for stubborn belly fat from high cortisol"" — direct fat loss claim for a food with no clinical evidence. ""Not many people are talking about it"" = secret knowledge framing. Cortisol belly fat claim is contested; red onion as cortisol treatment is unsubstantiated. Same overclaim pattern as post #84 (nettle tea). No product sold but medical condition treatment claim crosses the line."
